{
"type": "FeatureCollection",
"name": "ranh_ap_cu",
"crs": { "type": "name", "properties": { "name": "urn:ogc:def:crs:OGC:1.3:CRS84" } },
"features": [
{ "type": "Feature", "properties": { "Layer": "h-cay lau na", "PaperSpace": null, "SubClasses": "AcDbEntity:AcDbPolyline", "Linetype": "Continuou", "EntityHandle": "3BB0A", "Text": null }, "geometry": { "type": "MultiLineString", "coordinates": [ [ [ 106.10333676807258, 9.793873980474132 ], [ 106.103341286575173, 9.793939521872492 ], [ 106.103216014549247, 9.794504459303356 ], [ 106.103090742155018, 9.795069396694728 ], [ 106.103056515885257, 9.795173773821622 ], [ 106.09850998835239, 9.791502362689011 ], [ 106.098781281848787, 9.791227471691485 ], [ 106.09605899132373, 9.788969057134516 ], [ 106.096259881714687, 9.788800520525605 ], [ 106.094671918952429, 9.787386891861338 ], [ 106.094307938084029, 9.787767500299031 ], [ 106.093608910627665, 9.787120902260652 ], [ 106.093232288720529, 9.787464157302022 ], [ 106.092570975437624, 9.786811261973499 ], [ 106.091896835017309, 9.787304377002707 ], [ 106.091419376682609, 9.787673633883113 ], [ 106.091206052803059, 9.787204701386083 ], [ 106.09085260532035, 9.786897081216813 ], [ 106.091148793368603, 9.786581596380715 ], [ 106.092422445619746, 9.785045117328124 ], [ 106.093694840053686, 9.782928252778023 ], [ 106.094743422510078, 9.780855945047684 ], [ 106.095511976190124, 9.779535709966355 ], [ 106.096634075300301, 9.777475234575725 ], [ 106.096309053633689, 9.777138693607791 ], [ 106.09657442497172, 9.776665008474325 ], [ 106.095258403817866, 9.776325975511861 ], [ 106.095562240566068, 9.775444818767889 ], [ 106.095186202540859, 9.775329111297472 ], [ 106.095100543474985, 9.775593023257596 ], [ 106.094740178521434, 9.775485045600123 ], [ 106.094431949800594, 9.773871981575226 ], [ 106.093900068207589, 9.77391002544128 ], [ 106.093407098563304, 9.773922245085865 ], [ 106.092831335543792, 9.773985490757028 ], [ 106.092332482956252, 9.773912524210694 ], [ 106.091601906720527, 9.773943841751409 ], [ 106.088221733878513, 9.767561818043923 ], [ 106.091123467496118, 9.766049590822456 ], [ 106.093491466329226, 9.76459041689359 ], [ 106.096374480878097, 9.762598690908968 ], [ 106.099319319677662, 9.760528676429111 ], [ 106.104202858570147, 9.757052040164711 ], [ 106.106946916947365, 9.755098422380543 ], [ 106.108323948751718, 9.753892330314541 ], [ 106.11037925416467, 9.752092137425102 ], [ 106.111339890165524, 9.751278940318894 ], [ 106.111864753962863, 9.753409083221952 ], [ 106.112167062180873, 9.759290675375599 ], [ 106.111925674285601, 9.761469389135792 ], [ 106.111818804716194, 9.762043536009418 ], [ 106.111818804881239, 9.762043626424195 ], [ 106.111793440940218, 9.762179656255556 ], [ 106.111742713171381, 9.76245180632794 ], [ 106.11141852643604, 9.763213773832337 ], [ 106.110990812172318, 9.763935240072529 ], [ 106.110057471050141, 9.7652412415241 ], [ 106.109855052269097, 9.76545272338015 ], [ 106.109652633233296, 9.765664205128823 ], [ 106.109289550612203, 9.766042790181706 ], [ 106.108969135771346, 9.766377447245407 ], [ 106.108852505178987, 9.766499173741964 ], [ 106.108851594522477, 9.766499627446114 ], [ 106.108851504689355, 9.766500350927547 ], [ 106.108528285551969, 9.766797038292587 ], [ 106.108091229449798, 9.767198448610026 ], [ 106.107654080982954, 9.767599768168409 ], [ 106.107497293648322, 9.767743898461342 ], [ 106.10741885443808, 9.767816008872074 ], [ 106.106347586519746, 9.768621799737531 ], [ 106.106260227069271, 9.768700978175199 ], [ 106.105910515242783, 9.769017601794921 ], [ 106.105632304544372, 9.769205708370833 ], [ 106.105320591675351, 9.769416478108171 ], [ 106.104399094590747, 9.770033029266617 ], [ 106.103932684296367, 9.770336205567869 ], [ 106.103390252651081, 9.77068888275652 ], [ 106.10339025330282, 9.770689244416012 ], [ 106.102034561234234, 9.771535580845368 ], [ 106.102156808702958, 9.771645761459844 ], [ 106.102119942005515, 9.77167295125313 ], [ 106.102092269191104, 9.771693343636002 ], [ 106.102092360665651, 9.77169352430449 ], [ 106.102170028444576, 9.771748811364413 ], [ 106.102223577842992, 9.771773580764403 ], [ 106.102289737091795, 9.771815687548116 ], [ 106.102302321440661, 9.771920185211235 ], [ 106.102239115568452, 9.771999772026675 ], [ 106.102214836570681, 9.772032002800859 ], [ 106.102365271824695, 9.772255875714446 ], [ 106.102492231218136, 9.772198418120437 ], [ 106.102570722650427, 9.772154156520168 ], [ 106.102644293113229, 9.772262434002428 ], [ 106.102674683493106, 9.77223263358381 ], [ 106.102707625731554, 9.772253280303818 ], [ 106.102822185028643, 9.772295029988136 ], [ 106.102901274167877, 9.772329609274033 ], [ 106.102942309724071, 9.772390295544042 ], [ 106.10296079569649, 9.772431220851105 ], [ 106.102931663019461, 9.772450802152747 ], [ 106.102910702571151, 9.772503641749241 ], [ 106.103135293072128, 9.77270450782483 ], [ 106.103226527720324, 9.772751542786695 ], [ 106.103254568329589, 9.772783500032881 ], [ 106.103359500555825, 9.772844434602096 ], [ 106.103521872527622, 9.773014940821588 ], [ 106.103776699676757, 9.773201467193658 ], [ 106.103808071019486, 9.773260723849628 ], [ 106.10348416346514, 9.773535527709445 ], [ 106.103467250185489, 9.773558071082874 ], [ 106.103665453446098, 9.773784028536848 ], [ 106.104053597618787, 9.774253407834745 ], [ 106.104426744797692, 9.774695417479272 ], [ 106.104442913475864, 9.77471482800051 ], [ 106.104491861094587, 9.774714741020009 ], [ 106.105041693263374, 9.775377319987269 ], [ 106.105364888397503, 9.775766705274673 ], [ 106.105560790313575, 9.775978741614766 ], [ 106.10599431100492, 9.776486373534832 ], [ 106.106007373374041, 9.776501720825122 ], [ 106.103786593432488, 9.778331604020424 ], [ 106.103786504076226, 9.778332598745354 ], [ 106.10378978551671, 9.77833259291868 ], [ 106.102692405106836, 9.779238691011379 ], [ 106.102692222804066, 9.779238691334525 ], [ 106.102479517735105, 9.779414383242784 ], [ 106.101586650132461, 9.780154475099581 ], [ 106.101043282146236, 9.780604799431712 ], [ 106.100299290195224, 9.781209454310515 ], [ 106.099846780193772, 9.781599219112016 ], [ 106.099651592805031, 9.781734914986131 ], [ 106.099361402089457, 9.781909023898411 ], [ 106.099376108862828, 9.781926448093396 ], [ 106.099384695316189, 9.781936559451381 ], [ 106.099396113645426, 9.781950101591804 ], [ 106.100164611845045, 9.782859768646235 ], [ 106.100161877272484, 9.782859773474865 ], [ 106.101199727278285, 9.784068417036462 ], [ 106.101959165630916, 9.784952779151849 ], [ 106.102332101718702, 9.785474355950747 ], [ 106.10263789968927, 9.785968022660567 ], [ 106.102925713336688, 9.786496711580913 ], [ 106.103226737734332, 9.786920223996125 ], [ 106.103419955866073, 9.787207762483616 ], [ 106.103419954070631, 9.787206767920983 ], [ 106.104183683563363, 9.788339757931366 ], [ 106.104341892812073, 9.788219947808823 ], [ 106.104436622724933, 9.788332255596821 ], [ 106.104515693573802, 9.78855607297759 ], [ 106.104534948076861, 9.788769237398473 ], [ 106.104594759698855, 9.788877990665769 ], [ 106.104828009418554, 9.789222780066684 ], [ 106.104905323465601, 9.789331863760577 ], [ 106.104905403986308, 9.789376347816763 ], [ 106.10489362186901, 9.789413891040381 ], [ 106.104936776265092, 9.789586145250345 ], [ 106.104877969235105, 9.789780732727836 ], [ 106.105369051499238, 9.790251733865031 ], [ 106.105386295645516, 9.79031083455688 ], [ 106.10540069296971, 9.790408637953117 ], [ 106.105401259389694, 9.790419396331616 ], [ 106.105388151099717, 9.79047963610455 ], [ 106.105383720899212, 9.790499716137086 ], [ 106.105324649719762, 9.790598735463757 ], [ 106.105281511212212, 9.790687057413635 ], [ 106.105200789254354, 9.790810436949471 ], [ 106.105043416135544, 9.790989739107461 ], [ 106.105011941491682, 9.7910255995313 ], [ 106.104969825984469, 9.791074860332179 ], [ 106.104914053645302, 9.79113318695717 ], [ 106.104896313364719, 9.791152476957095 ], [ 106.10488810372162, 9.79114932705348 ], [ 106.104653281906693, 9.791246308474548 ], [ 106.104569917109288, 9.791319873899218 ], [ 106.104541471295533, 9.791316850426423 ], [ 106.10442319981415, 9.791192016947385 ], [ 106.103893150715962, 9.790949110511768 ], [ 106.103742467484452, 9.790946756380055 ], [ 106.103732726852286, 9.790953916484888 ], [ 106.103616476825295, 9.791039565344494 ], [ 106.103571701593282, 9.791130421635094 ], [ 106.103504967678774, 9.791277103030424 ], [ 106.103528708720006, 9.791299664602976 ], [ 106.103498376865673, 9.791413189395371 ], [ 106.103461190158953, 9.791415696683245 ], [ 106.10345600956903, 9.791626011298392 ], [ 106.103417581315995, 9.791849585588343 ], [ 106.103428988312643, 9.792007972485923 ], [ 106.103448709502928, 9.792227374763691 ], [ 106.103433675746231, 9.792332102104675 ], [ 106.103420985718458, 9.792422268457468 ], [ 106.103389978266677, 9.792515089395641 ], [ 106.103300214049426, 9.792780617055639 ], [ 106.103313557470202, 9.792799851752749 ], [ 106.103329642893172, 9.792823150254284 ], [ 106.103329642729889, 9.792823059839529 ], [ 106.103329642893172, 9.792823150254284 ], [ 106.10332434169203, 9.792815293564479 ], [ 106.103313739453768, 9.792799670599312 ], [ 106.103337622083885, 9.792799628164499 ], [ 106.103354440668312, 9.792825095323149 ], [ 106.103292772799023, 9.793001062160675 ], [ 106.103221516039653, 9.793571165207201 ], [ 106.10333676807258, 9.793873980474132 ] ] ] } },
{ "type": "Feature", "properties": { "Layer": "h-cay lau na", "PaperSpace": null, "SubClasses": "AcDbEntity:AcDbPolyline", "Linetype": "Continuou", "EntityHandle": "3BB0B", "Text": null }, "geometry": { "type": "MultiLineString", "coordinates": [ [ [ 106.08120565021423, 9.810355101804031 ], [ 106.075049119995924, 9.807131776377767 ], [ 106.071629083720225, 9.80186486708682 ], [ 106.072500975155705, 9.801189351422222 ], [ 106.072898676649658, 9.800881222474619 ], [ 106.075104501131463, 9.799499853638492 ], [ 106.080060603404561, 9.795769101775177 ], [ 106.080832764361745, 9.79605093134041 ], [ 106.081525469476304, 9.796402081691674 ], [ 106.08209495561357, 9.796704047102237 ], [ 106.082664442740665, 9.797006011492389 ], [ 106.083347682499081, 9.797614124836588 ], [ 106.083685587497953, 9.798235479327388 ], [ 106.08440441600024, 9.798505605341223 ], [ 106.085911491714427, 9.798526139557916 ], [ 106.087167922836855, 9.798549660897569 ], [ 106.087796769500997, 9.799078497761009 ], [ 106.088089611491824, 9.799759460694872 ], [ 106.08120565021423, 9.810355101804031 ] ] ] } },
{ "type": "Feature", "properties": { "Layer": "h-cay lau na", "PaperSpace": null, "SubClasses": "AcDbEntity:AcDbPolyline", "Linetype": "Continuou", "EntityHandle": "3BB0C", "Text": null }, "geometry": { "type": "MultiLineString", "coordinates": [ [ [ 106.113282805221701, 9.848121587030512 ], [ 106.113619598859103, 9.848478282662576 ], [ 106.114222559457914, 9.849156540646863 ], [ 106.114686900637437, 9.849661866016515 ], [ 106.114802096579339, 9.849787825914543 ], [ 106.115360641543276, 9.850356040891166 ], [ 106.115182481605444, 9.850641885851596 ], [ 106.115172290349363, 9.850701666588028 ], [ 106.114552966352335, 9.851233601860358 ], [ 106.113955566973573, 9.851691901048959 ], [ 106.113884368063637, 9.851743203580396 ], [ 106.113596112650939, 9.851951041797234 ], [ 106.113129768041389, 9.852287226352608 ], [ 106.112779577542611, 9.852527905469417 ], [ 106.112659390534247, 9.852612296982693 ], [ 106.112313437612201, 9.852877107907572 ], [ 106.112277382892017, 9.852903211899699 ], [ 106.111804159725324, 9.853268158188602 ], [ 106.11177611676716, 9.853288280431961 ], [ 106.111996998604738, 9.853326576284637 ], [ 106.112433482727269, 9.853358152058702 ], [ 106.112445850879453, 9.85339085868336 ], [ 106.112852925533602, 9.853393645909978 ], [ 106.112881467306849, 9.853446213741424 ], [ 106.112937544186195, 9.853549271752266 ], [ 106.112943679701104, 9.853563997729943 ], [ 106.113169772581259, 9.854004796523016 ], [ 106.113197698492755, 9.854069390203589 ], [ 106.113338368745502, 9.854314060081082 ], [ 106.113562153731209, 9.854738769432604 ], [ 106.113746331888905, 9.855043302991051 ], [ 106.113798696139, 9.855159748508209 ], [ 106.114037084543185, 9.855149098339872 ], [ 106.114158531869492, 9.855154302061003 ], [ 106.114297021299137, 9.855155948661135 ], [ 106.114704055967991, 9.855136040253305 ], [ 106.114877804211673, 9.855124874339479 ], [ 106.115448839069316, 9.855097704505217 ], [ 106.115669152512808, 9.855074518920949 ], [ 106.11569668568329, 9.855271114184191 ], [ 106.115727687256538, 9.855518966557018 ], [ 106.115853607901272, 9.856215178225835 ], [ 106.115903658658581, 9.856558289733112 ], [ 106.115984736074068, 9.857113360032665 ], [ 106.116009499001109, 9.85729079300212 ], [ 106.116103522305622, 9.85796577872259 ], [ 106.115979183042796, 9.857903658867571 ], [ 106.1159133475376, 9.857848808738574 ], [ 106.115286763816556, 9.85761849796396 ], [ 106.115282767433797, 9.857626642305727 ], [ 106.115167665597994, 9.857749812110992 ], [ 106.115079495320856, 9.857794274593832 ], [ 106.115042497624628, 9.85780365444406 ], [ 106.114150411392501, 9.858451452036933 ], [ 106.113701144131753, 9.858758132446187 ], [ 106.113429222530613, 9.858927606511475 ], [ 106.112707330735915, 9.859419221237655 ], [ 106.11262690446425, 9.85946113752674 ], [ 106.111243622066254, 9.86037897543684 ], [ 106.110242188059232, 9.86106601946384 ], [ 106.110011808579927, 9.861319317934623 ], [ 106.110173344700641, 9.861457536588238 ], [ 106.110388686807724, 9.861653340495547 ], [ 106.110634097965743, 9.861839506162244 ], [ 106.110839416098756, 9.862037678601288 ], [ 106.110503185620502, 9.86234008187075 ], [ 106.110143974522742, 9.862689450120886 ], [ 106.110077890119513, 9.862747161971656 ], [ 106.109798859818071, 9.863020077299256 ], [ 106.109776875548235, 9.863013607403429 ], [ 106.109380351798762, 9.86345028974673 ], [ 106.109543049567918, 9.863575216009872 ], [ 106.109240254810075, 9.8640147123782 ], [ 106.108940981684796, 9.863840306158581 ], [ 106.108702388966805, 9.863643910472401 ], [ 106.108347859270864, 9.86336626274262 ], [ 106.108337074830231, 9.863351997133977 ], [ 106.108101879365847, 9.8631682524995 ], [ 106.107982070493748, 9.863063771654385 ], [ 106.107338941251513, 9.862563777826031 ], [ 106.10693758551183, 9.863002093578737 ], [ 106.106660676047966, 9.862841116314014 ], [ 106.106321471840488, 9.863115402940398 ], [ 106.106311482981738, 9.863137300561887 ], [ 106.106246910469224, 9.863274390571357 ], [ 106.106552263718783, 9.863384415146419 ], [ 106.106478978842972, 9.863518492070037 ], [ 106.105462013714629, 9.865528812290339 ], [ 106.105400211943959, 9.865529245831899 ], [ 106.105300450248279, 9.865718566501535 ], [ 106.104820948176936, 9.865529426562215 ], [ 106.104734314343332, 9.865493462433962 ], [ 106.104476813267894, 9.865376931273675 ], [ 106.104301143417644, 9.865737718212632 ], [ 106.104200517478105, 9.865603275318223 ], [ 106.103764382042115, 9.864970902392704 ], [ 106.103551764130685, 9.864718220252495 ], [ 106.103533121773296, 9.864694475301706 ], [ 106.10332792405228, 9.864410858855535 ], [ 106.10333700414246, 9.864390454732286 ], [ 106.10295538787723, 9.863905761191555 ], [ 106.102839179767358, 9.863775233385281 ], [ 106.102656483908802, 9.863531447861915 ], [ 106.102579386202265, 9.863399493873567 ], [ 106.102542035744762, 9.863365836979058 ], [ 106.10238117040403, 9.86314407277038 ], [ 106.102338194490045, 9.863075165261067 ], [ 106.102038812418641, 9.862637563808038 ], [ 106.101824200896246, 9.86233976840132 ], [ 106.101547227980973, 9.861991453394715 ], [ 106.101051106270447, 9.861356018822118 ], [ 106.100974293642125, 9.861280119267592 ], [ 106.100860850788223, 9.861153834795571 ], [ 106.100848101892964, 9.861223927046998 ], [ 106.100839835627099, 9.861240667978159 ], [ 106.10057289351704, 9.861093771947576 ], [ 106.100468011851035, 9.86102425107849 ], [ 106.100062957440798, 9.860833479434982 ], [ 106.100053438955072, 9.860863603543498 ], [ 106.099892459036482, 9.861131418812533 ], [ 106.099876982363639, 9.861143832773594 ], [ 106.099853728029984, 9.861140709712309 ], [ 106.099448775736946, 9.860955904327218 ], [ 106.099034161548929, 9.860772110118393 ], [ 106.098827500567097, 9.860684506233248 ], [ 106.098537318807701, 9.860541899128011 ], [ 106.098259200861989, 9.860415363692434 ], [ 106.098187465902839, 9.860374082228885 ], [ 106.097800007301245, 9.860182101180717 ], [ 106.09770510529232, 9.860135435943834 ], [ 106.097595060165929, 9.860083915258636 ], [ 106.097479346201396, 9.860023363377799 ], [ 106.097100106439342, 9.859838419053043 ], [ 106.096792277458377, 9.859666548103146 ], [ 106.096774204522873, 9.859654826515754 ], [ 106.096745265447595, 9.859633766507407 ], [ 106.096758171755198, 9.859611547531555 ], [ 106.096393834752021, 9.85939872909905 ], [ 106.095816937514272, 9.8590105247607 ], [ 106.095669233876976, 9.858905093937155 ], [ 106.09548679283445, 9.85877345966651 ], [ 106.095304351933848, 9.858641825287748 ], [ 106.094780927602685, 9.858278387968648 ], [ 106.094218760459654, 9.857866014670368 ], [ 106.093899223723696, 9.857620204432038 ], [ 106.09350803257793, 9.857326239865667 ], [ 106.092891359653919, 9.856868934804208 ], [ 106.092235894584405, 9.856385567498188 ], [ 106.092025395957336, 9.856239650103982 ], [ 106.091814897511341, 9.856093732566475 ], [ 106.091550065265793, 9.855898545127756 ], [ 106.091215645108775, 9.855637840191065 ], [ 106.090550742283625, 9.855176455977572 ], [ 106.089588084616992, 9.854511801662674 ], [ 106.089376972582698, 9.854378541238164 ], [ 106.088461889777491, 9.853753943340156 ], [ 106.088054137508351, 9.853462783832438 ], [ 106.088367605964663, 9.853193089073789 ], [ 106.088302401393761, 9.853137319717527 ], [ 106.088257694935294, 9.853099082342498 ], [ 106.088209484490648, 9.853057847995453 ], [ 106.087691014975547, 9.852600090090856 ], [ 106.087467864825911, 9.852412059522976 ], [ 106.087267627077395, 9.852240263126593 ], [ 106.087227912027387, 9.852259861243631 ], [ 106.086905512967235, 9.852606610156702 ], [ 106.086509451768038, 9.852284346157489 ], [ 106.086754992137614, 9.851987277081967 ], [ 106.0864647861669, 9.851720703716396 ], [ 106.08612394426774, 9.851432790290074 ], [ 106.085784515394707, 9.851118654488962 ], [ 106.085459273409114, 9.850784060543967 ], [ 106.08582177456627, 9.850482178285031 ], [ 106.086016883591114, 9.850331845855139 ], [ 106.086278117527897, 9.850145685691983 ], [ 106.085928164897851, 9.849705171940688 ], [ 106.085859141131195, 9.849751582758186 ], [ 106.085650808085447, 9.849485589750236 ], [ 106.085514666731058, 9.84931512755943 ], [ 106.085422675987857, 9.849210589692678 ], [ 106.085419944295012, 9.84921249308511 ], [ 106.085143066949598, 9.848902406954146 ], [ 106.084950110847615, 9.848722007182312 ], [ 106.084733314432825, 9.848878162919835 ], [ 106.084638148693358, 9.848937818941083 ], [ 106.084481366122404, 9.849056620782255 ], [ 106.084398781783207, 9.849116435789018 ], [ 106.084057205287692, 9.848719303256351 ], [ 106.083948482149495, 9.848794171793363 ], [ 106.083697631570772, 9.848508089028648 ], [ 106.083613967903759, 9.848420624143941 ], [ 106.083495741685454, 9.848275626343483 ], [ 106.083479097534223, 9.848246271115256 ], [ 106.083620657658415, 9.848128942637659 ], [ 106.083913492235098, 9.84792320064526 ], [ 106.084324595212919, 9.847627474455116 ], [ 106.084403440069977, 9.847566942653845 ], [ 106.084638819522908, 9.847402527474388 ], [ 106.084834519321277, 9.847247724441502 ], [ 106.084775541513594, 9.847178520473868 ], [ 106.084359510679079, 9.846797248741874 ], [ 106.084316381731355, 9.846741629405253 ], [ 106.084146912183257, 9.846851592600817 ], [ 106.084081456325009, 9.846904868204389 ], [ 106.084010596614291, 9.846943958415251 ], [ 106.083838315506441, 9.846751135661142 ], [ 106.083614850680462, 9.846490481441625 ], [ 106.085977171771987, 9.844878046770857 ], [ 106.087825166360631, 9.843247799795465 ], [ 106.088198212475319, 9.84370707752548 ], [ 106.08879403898014, 9.843236845591305 ], [ 106.088963726388101, 9.842979643577356 ], [ 106.089513322321608, 9.842532943728509 ], [ 106.107166338223848, 9.829721154337209 ], [ 106.107177391012286, 9.829844543455094 ], [ 106.107169817837772, 9.829890847984537 ], [ 106.107187382701596, 9.829924630545271 ], [ 106.107269528067434, 9.830153722701906 ], [ 106.10735167355476, 9.83038281482866 ], [ 106.107417948580974, 9.830582415909548 ], [ 106.10748576685431, 9.830778397720097 ], [ 106.107577072943243, 9.831006614402041 ], [ 106.107717858688005, 9.831322622600764 ], [ 106.107890977442281, 9.831622117638139 ], [ 106.107996235855254, 9.831544605168425 ], [ 106.108032101650096, 9.831723939108777 ], [ 106.108125896242527, 9.831966617033773 ], [ 106.108212114220933, 9.832752232357381 ], [ 106.108192270395278, 9.832967990969836 ], [ 106.108209590398246, 9.833366314899198 ], [ 106.108271385630943, 9.833757687519078 ], [ 106.108312534514937, 9.833925870146652 ], [ 106.108345237599011, 9.834161605683008 ], [ 106.108459632630002, 9.834501981680855 ], [ 106.108632807288629, 9.834930313060877 ], [ 106.108702705870456, 9.835116345427034 ], [ 106.108893277482579, 9.835585692320691 ], [ 106.109092380829978, 9.836034138538864 ], [ 106.109531377962043, 9.836802662450687 ], [ 106.109813694728942, 9.837189658809278 ], [ 106.110059528595968, 9.837517320101167 ], [ 106.110282826253112, 9.83783462449529 ], [ 106.110458002784881, 9.838109612433835 ], [ 106.110512277168795, 9.838225964938278 ], [ 106.10945426419093, 9.838848099714156 ], [ 106.109096517085064, 9.839096665884371 ], [ 106.108823170388376, 9.839269200303171 ], [ 106.107892782602761, 9.839791828326453 ], [ 106.106754104535455, 9.840478473547615 ], [ 106.105577599068923, 9.841121242753163 ], [ 106.105247591392242, 9.841328244432374 ], [ 106.105033850468899, 9.841502037306656 ], [ 106.105664616414771, 9.841946547934889 ], [ 106.10581507623651, 9.842116343105669 ], [ 106.106319519965709, 9.842328448906361 ], [ 106.107001918249082, 9.842689052320324 ], [ 106.107516604246953, 9.842967500178041 ], [ 106.107920668742594, 9.843175534544798 ], [ 106.108657001735082, 9.843614334049281 ], [ 106.108975454241829, 9.843817910269664 ], [ 106.109181074917373, 9.843939414812512 ], [ 106.109574106187026, 9.844194842776664 ], [ 106.109796999623512, 9.844388826070983 ], [ 106.108929611800349, 9.844621664145928 ], [ 106.108949192277009, 9.844661399690375 ], [ 106.10903466185502, 9.844834846825414 ], [ 106.109424584726057, 9.845507440877062 ], [ 106.109613620010009, 9.845830819487436 ], [ 106.109628602242168, 9.845822790999216 ], [ 106.110019264999053, 9.84573022729422 ], [ 106.110436157773734, 9.845673238021984 ], [ 106.110479388516595, 9.845682833966736 ], [ 106.110507321049568, 9.845702131622613 ], [ 106.11060325382924, 9.845685478176353 ], [ 106.110894086942579, 9.84577123035238 ], [ 106.111228153003154, 9.845837349988114 ], [ 106.111423309984389, 9.845869816304297 ], [ 106.111791962936408, 9.845905132742308 ], [ 106.111928190370762, 9.845918176529624 ], [ 106.112020163184567, 9.845910234488827 ], [ 106.112085837859766, 9.845879465884092 ], [ 106.112214230027703, 9.846043692323395 ], [ 106.111909770107673, 9.846311682174516 ], [ 106.111737839979014, 9.846466145758489 ], [ 106.111881938735337, 9.846644357701955 ], [ 106.112366790289343, 9.847152316742964 ], [ 106.11250643831653, 9.847289670305761 ], [ 106.112829079185786, 9.847635452679993 ], [ 106.113282805221701, 9.848121587030512 ] ] ] } },
{ "type": "Feature", "properties": { "Layer": "h-cay lau na", "PaperSpace": null, "SubClasses": "AcDbEntity:AcDbPolyline", "Linetype": "Continuou", "EntityHandle": "3BB0D", "Text": null }, "geometry": { "type": "MultiLineString", "coordinates": [ [ [ 106.116133917972206, 9.804251725066351 ], [ 106.116443151840983, 9.80427042093247 ], [ 106.117064921591862, 9.804663848118514 ], [ 106.117153379960357, 9.804782669307972 ], [ 106.117278403201539, 9.804809113312158 ], [ 106.117410962958246, 9.804918180077399 ], [ 106.117418430558885, 9.80501282780029 ], [ 106.117408897285188, 9.805131917700281 ], [ 106.117406413615939, 9.805169036329158 ], [ 106.11743638140122, 9.805156911776182 ], [ 106.117842712022167, 9.80645293144973 ], [ 106.11854112614958, 9.806647509308933 ], [ 106.118812238418926, 9.806704245415164 ], [ 106.118845191424271, 9.807171072443634 ], [ 106.118939073318487, 9.808001334548539 ], [ 106.118922030253046, 9.808052177156664 ], [ 106.11885210614173, 9.808146604421875 ], [ 106.118809737864709, 9.808353634628435 ], [ 106.11887671587759, 9.808489130245212 ], [ 106.118881990579993, 9.808580707884822 ], [ 106.118864931879216, 9.808623142211246 ], [ 106.118699677158062, 9.808895295325597 ], [ 106.118756124955951, 9.808985440524694 ], [ 106.118761292619396, 9.809019335560221 ], [ 106.118702756330634, 9.80921011882738 ], [ 106.118763115550564, 9.809399524763903 ], [ 106.119055405171196, 9.809728893738992 ], [ 106.119071091474424, 9.809781936880533 ], [ 106.119088518458966, 9.809937865587244 ], [ 106.119223724821637, 9.810281320249276 ], [ 106.119371718990905, 9.810415627195393 ], [ 106.119368511573924, 9.810455595113798 ], [ 106.119162291255051, 9.810885066724827 ], [ 106.118832343260493, 9.81115283644113 ], [ 106.118637260905743, 9.81114975690515 ], [ 106.11846897904239, 9.811107462707639 ], [ 106.118359559733562, 9.811228650769483 ], [ 106.118310297254808, 9.811405043859407 ], [ 106.118250529774855, 9.811471334402361 ], [ 106.118214660986155, 9.811496805574855 ], [ 106.118115438167138, 9.81152248270069 ], [ 106.117878139974849, 9.811395520207906 ], [ 106.117751027759596, 9.811739231559468 ], [ 106.117749544063983, 9.811824040639577 ], [ 106.117739334430226, 9.811873243329694 ], [ 106.117628546713817, 9.812102368209452 ], [ 106.117572224026688, 9.812158435821408 ], [ 106.117536352096593, 9.812182279519758 ], [ 106.117407785221602, 9.812225860801364 ], [ 106.117388157444992, 9.812475091691885 ], [ 106.117565699385565, 9.812523802257338 ], [ 106.117586247484354, 9.812544107493178 ], [ 106.11777225451543, 9.813060472535591 ], [ 106.117937048489679, 9.813345059991258 ], [ 106.118099812014819, 9.813468537043756 ], [ 106.118200953069817, 9.813592126435198 ], [ 106.118261440042716, 9.813716965322769 ], [ 106.118270100093568, 9.813766133593477 ], [ 106.118217128901023, 9.813975380054414 ], [ 106.118306463008793, 9.814006924532066 ], [ 106.11902912279271, 9.814033632798917 ], [ 106.118999125704249, 9.81417762331419 ], [ 106.118910063838271, 9.814275611656885 ], [ 106.118697613778465, 9.814640721184071 ], [ 106.118603800037206, 9.814781663778678 ], [ 106.118742379580056, 9.814988273128332 ], [ 106.11852156751921, 9.81521958825107 ], [ 106.118274741360409, 9.815531055650025 ], [ 106.11798636945862, 9.815953262829311 ], [ 106.117892710431605, 9.81612883272758 ], [ 106.117827846592078, 9.816200195594112 ], [ 106.117733430230516, 9.81643697438102 ], [ 106.117843500411951, 9.817268112256242 ], [ 106.117845591472829, 9.817609232478171 ], [ 106.117780214514951, 9.817752434297992 ], [ 106.117895040167753, 9.818171775410812 ], [ 106.118061842368476, 9.81855454619685 ], [ 106.118160211646469, 9.818706439446951 ], [ 106.118239767230321, 9.819085119971865 ], [ 106.118265017283534, 9.819280996395701 ], [ 106.11820618042843, 9.819603874164445 ], [ 106.11804488218219, 9.820124488859323 ], [ 106.118005460139841, 9.820348058936647 ], [ 106.117628689858691, 9.821131080223248 ], [ 106.117414807043815, 9.821463824308664 ], [ 106.117315674733305, 9.821687503196149 ], [ 106.117136886600832, 9.821871907679258 ], [ 106.117077201283863, 9.821885216593516 ], [ 106.116824967587235, 9.821839656547178 ], [ 106.116505003325528, 9.821686315322028 ], [ 106.116353506262428, 9.821702456148492 ], [ 106.115631008934059, 9.822117947446261 ], [ 106.115465566451448, 9.822282557205559 ], [ 106.114055255345392, 9.821252131158785 ], [ 106.113482535342328, 9.820580504475146 ], [ 106.104361926107714, 9.81263052780101 ], [ 106.103013691032771, 9.811937001841283 ], [ 106.102038953515347, 9.810301919682381 ], [ 106.10159801578645, 9.809835131287205 ], [ 106.100439042958385, 9.808961767160318 ], [ 106.100070429777915, 9.808475950007427 ], [ 106.099376514767783, 9.807668838124487 ], [ 106.097117970748968, 9.805765756109553 ], [ 106.096227083217045, 9.805007316880621 ], [ 106.0953904688336, 9.803931601080899 ], [ 106.094576184341179, 9.80314409946592 ], [ 106.094204791485353, 9.802854447192491 ], [ 106.091872189317627, 9.802238335823285 ], [ 106.091124306998509, 9.80181687454583 ], [ 106.0907912430593, 9.80161475708794 ], [ 106.090103157112765, 9.80065686024367 ], [ 106.089733914282618, 9.80018942059105 ], [ 106.090017418430747, 9.799952670692749 ], [ 106.090190477525297, 9.799721727665638 ], [ 106.09050511003089, 9.799445241608899 ], [ 106.090829403184969, 9.79911657050771 ], [ 106.091185545758464, 9.798757419870959 ], [ 106.09149966235664, 9.798499423209512 ], [ 106.091781928514109, 9.798271905592522 ], [ 106.092074945184592, 9.798067107721634 ], [ 106.092367961487952, 9.797862309616262 ], [ 106.092834447540454, 9.797557076600047 ], [ 106.093300932718336, 9.797251842987642 ], [ 106.094313947174228, 9.796546662493672 ], [ 106.094913315592024, 9.796104581047226 ], [ 106.095565884506172, 9.795695948270778 ], [ 106.095794186946009, 9.795573038918413 ], [ 106.096765845425992, 9.794991246634593 ], [ 106.097070747526061, 9.794705390038278 ], [ 106.097572882608745, 9.795074362534489 ], [ 106.097511374238849, 9.795187486202849 ], [ 106.097654653098246, 9.795230541489666 ], [ 106.0977435727022, 9.795306692929623 ], [ 106.098712534879837, 9.796030997637843 ], [ 106.098811002375271, 9.795930374425291 ], [ 106.098963028852424, 9.795920612917557 ], [ 106.099041529251636, 9.795930238922478 ], [ 106.099470514008175, 9.796142583370301 ], [ 106.09960471063097, 9.7962037362896 ], [ 106.100053398160568, 9.796473999420286 ], [ 106.100516899741578, 9.796837639351352 ], [ 106.100633193488335, 9.79670922121136 ], [ 106.100732977168164, 9.796794122564339 ], [ 106.100738055665815, 9.796830278481488 ], [ 106.100872095150706, 9.796955804675591 ], [ 106.10133979676722, 9.797456024508731 ], [ 106.101600207593037, 9.796892220876106 ], [ 106.101987307536731, 9.797077964590711 ], [ 106.102158192155244, 9.796941948965149 ], [ 106.101943888073279, 9.79675776620128 ], [ 106.101943883084431, 9.796754998657933 ], [ 106.102113024836882, 9.796530928354793 ], [ 106.102282166366408, 9.796306857977944 ], [ 106.102495336414975, 9.796033163474821 ], [ 106.102609325217131, 9.795756118858803 ], [ 106.102687879148945, 9.795492337310732 ], [ 106.102754412350706, 9.795487517744888 ], [ 106.102924632365827, 9.795507919863065 ], [ 106.102987124600915, 9.795385390698465 ], [ 106.103090742155018, 9.795069396694728 ], [ 106.103216014549247, 9.794504459303356 ], [ 106.103355828476523, 9.793873942361611 ], [ 106.103740598444162, 9.793873172760071 ], [ 106.103951131440581, 9.793906974144015 ], [ 106.105588948539477, 9.794098804659304 ], [ 106.105715859800043, 9.79411340586473 ], [ 106.105738812867472, 9.794103781220807 ], [ 106.10633026822407, 9.794184638909156 ], [ 106.107036803233129, 9.794292642683178 ], [ 106.10800836251434, 9.794418608133727 ], [ 106.108242966510886, 9.794455708950027 ], [ 106.108425779388725, 9.794483861205714 ], [ 106.109340671287981, 9.794628326391692 ], [ 106.109597154966821, 9.794666923989176 ], [ 106.109787253970694, 9.794691626753581 ], [ 106.109901149701244, 9.794716647142641 ], [ 106.110038083952375, 9.794728968397036 ], [ 106.110435981734582, 9.794787111466043 ], [ 106.110738778116428, 9.794829422216575 ], [ 106.111052893536623, 9.794880482293721 ], [ 106.111293425311047, 9.794918836061566 ], [ 106.111396080621617, 9.794928144471164 ], [ 106.111575326218514, 9.794949339691659 ], [ 106.111722644210275, 9.794957392182045 ], [ 106.111855130982306, 9.794980027686544 ], [ 106.111971904217526, 9.7949834336885 ], [ 106.112090604417901, 9.794993797907033 ], [ 106.112229452684787, 9.795005933990584 ], [ 106.11232160624202, 9.795004773253581 ], [ 106.112390525383432, 9.795014907729101 ], [ 106.112505913723751, 9.795052359175667 ], [ 106.112606661347385, 9.795065196727942 ], [ 106.113173135532463, 9.795141747590218 ], [ 106.113261488584286, 9.795155782689026 ], [ 106.113379491351736, 9.795183416416297 ], [ 106.113841212723457, 9.795250029246251 ], [ 106.114000586274187, 9.795270716626199 ], [ 106.114441077742768, 9.795360953878737 ], [ 106.114579415356047, 9.79537373348575 ], [ 106.114763973948158, 9.795408931244472 ], [ 106.114873035770032, 9.79543215044075 ], [ 106.114955546508952, 9.795441494245269 ], [ 106.115128514274971, 9.795468846950333 ], [ 106.115335493879201, 9.795502557170247 ], [ 106.115495350024617, 9.795537708886393 ], [ 106.116037187680092, 9.79564937941513 ], [ 106.116134789910461, 9.795686452031555 ], [ 106.116174217639156, 9.795713323249339 ], [ 106.116175526278198, 9.795715041434653 ], [ 106.116281476707996, 9.795945035374908 ], [ 106.116329122209095, 9.796028851224703 ], [ 106.116384105990505, 9.796186972419708 ], [ 106.116416025751917, 9.796291843510511 ], [ 106.116711704954568, 9.79657867510436 ], [ 106.116854709636911, 9.796669279316854 ], [ 106.117163709282522, 9.796910298489085 ], [ 106.117412045057691, 9.797076476162001 ], [ 106.11763727956037, 9.79721292774855 ], [ 106.117560875786509, 9.797350792843821 ], [ 106.117540919510915, 9.797531385093738 ], [ 106.117648574588543, 9.797709653055032 ], [ 106.117833480799064, 9.797833361745848 ], [ 106.117875769304831, 9.7978789428124 ], [ 106.118047434412091, 9.798186663862991 ], [ 106.118283599603899, 9.798326643494249 ], [ 106.118364479268294, 9.79843923986672 ], [ 106.118322471571972, 9.79869301240659 ], [ 106.118043786717323, 9.798639601227668 ], [ 106.117796569378655, 9.798870996866672 ], [ 106.117638044808785, 9.798965313887747 ], [ 106.11758372908443, 9.79897183199204 ], [ 106.117505944548384, 9.798955518561735 ], [ 106.117374094044905, 9.798883609693737 ], [ 106.117191773554097, 9.798827524251589 ], [ 106.117168329514158, 9.79881807362978 ], [ 106.117072952619125, 9.798752607966106 ], [ 106.11679098043038, 9.798581554221371 ], [ 106.116653413519899, 9.798527210276099 ], [ 106.116598943775827, 9.798649405337356 ], [ 106.116493162522133, 9.798971825896215 ], [ 106.116646506970142, 9.799033841150413 ], [ 106.11668453801569, 9.799143260969901 ], [ 106.116681582953831, 9.799270656844513 ], [ 106.116769867842123, 9.799543178970499 ], [ 106.116797970103377, 9.799913790719417 ], [ 106.117309502817491, 9.800086658668796 ], [ 106.11768757501909, 9.800165804410803 ], [ 106.117685042524158, 9.800324301214655 ], [ 106.117685391215105, 9.800561993661802 ], [ 106.117677230201508, 9.800634428510005 ], [ 106.117472632457407, 9.800756766669336 ], [ 106.117320336367996, 9.80081852394288 ], [ 106.117138889740659, 9.800742636726959 ], [ 106.117138182289253, 9.800705117041105 ], [ 106.116689290797524, 9.800630439218923 ], [ 106.117136878010143, 9.801232221262392 ], [ 106.117036877803926, 9.801659776242438 ], [ 106.11677105097867, 9.801929668175738 ], [ 106.116614172534682, 9.802266625189475 ], [ 106.11655557986191, 9.802611066381173 ], [ 106.116521825991711, 9.802892761050078 ], [ 106.116519894977259, 9.802904579828507 ], [ 106.116344762845145, 9.802920477641383 ], [ 106.116133553169888, 9.802968056390128 ], [ 106.116014525710099, 9.803226398788594 ], [ 106.116248103958156, 9.803494136463756 ], [ 106.116063393278736, 9.803576566071939 ], [ 106.115866712810984, 9.803871909411573 ], [ 106.115840672616415, 9.804104524455397 ], [ 106.116133917972206, 9.804251725066351 ] ] ] } },
{ "type": "Feature", "properties": { "Layer": "h-cay lau na", "PaperSpace": null, "SubClasses": "AcDbEntity:AcDbPolyline", "Linetype": "Continuou", "EntityHandle": "3BB0E", "Text": null }, "geometry": { "type": "MultiLineString", "coordinates": [ [ [ 106.085854898841632, 9.838278096664265 ], [ 106.084716743374813, 9.839253896543823 ], [ 106.084578250335966, 9.839454128073639 ], [ 106.084468459340684, 9.839516205149366 ], [ 106.084417535370179, 9.839394075170185 ], [ 106.082561381445501, 9.840321846082377 ], [ 106.07931958214354, 9.84211722612063 ], [ 106.079210445323724, 9.841929185333276 ], [ 106.079124519935178, 9.841745433857268 ], [ 106.079064709546572, 9.841484948013507 ], [ 106.079168537744422, 9.8414749350487 ], [ 106.079351061047277, 9.841398467238928 ], [ 106.079140575652957, 9.840817848527674 ], [ 106.078907033962238, 9.840300926442792 ], [ 106.07890113448201, 9.840287868485641 ], [ 106.078739175939262, 9.840340904945659 ], [ 106.078732683973826, 9.840329885752379 ], [ 106.078623373542086, 9.840118960009949 ], [ 106.078574801111543, 9.84002510469972 ], [ 106.078498612204612, 9.839777957251851 ], [ 106.078249978266328, 9.839816084670275 ], [ 106.078075711757322, 9.839840522868691 ], [ 106.077827873365919, 9.83986436346343 ], [ 106.077700500800404, 9.839856353663274 ], [ 106.077612568150059, 9.839880734466616 ], [ 106.077313933715573, 9.839947516967827 ], [ 106.077121704239715, 9.840001773074841 ], [ 106.07704593267114, 9.840015331862011 ], [ 106.076854057779684, 9.840069436833339 ], [ 106.076492403612335, 9.840190410736081 ], [ 106.076218581984392, 9.840266552863232 ], [ 106.075692751858895, 9.840380554863865 ], [ 106.075372485869607, 9.840426464412525 ], [ 106.075382754994578, 9.840309114459624 ], [ 106.075492114348464, 9.839744397311465 ], [ 106.075334078260525, 9.839733089337924 ], [ 106.075275246754401, 9.839716011112049 ], [ 106.075186970191581, 9.83969979669609 ], [ 106.075098410755118, 9.839678157991953 ], [ 106.074931392054253, 9.839623742602779 ], [ 106.074637431781483, 9.83954684943957 ], [ 106.074521482762904, 9.839502111557817 ], [ 106.074365536648074, 9.839471636355711 ], [ 106.07435939919398, 9.839454649245104 ], [ 106.073990622921855, 9.83934280259294 ], [ 106.073403529544024, 9.839139466881116 ], [ 106.073406713726101, 9.839082772866663 ], [ 106.073441559929805, 9.838936335979195 ], [ 106.073063338674359, 9.838845027915717 ], [ 106.072851462659031, 9.838787975123738 ], [ 106.072643763962915, 9.838721421808408 ], [ 106.072260307174147, 9.838607156918737 ], [ 106.072380845742117, 9.838246749519957 ], [ 106.072478890631189, 9.837953466237748 ], [ 106.072487724306413, 9.837948026529656 ], [ 106.072538386755369, 9.837827330483037 ], [ 106.072624517902625, 9.837550974475802 ], [ 106.07275727515227, 9.837033680613532 ], [ 106.072833268957254, 9.836694143409883 ], [ 106.072855682508802, 9.836580728182183 ], [ 106.072903155013975, 9.83640777907987 ], [ 106.072985337591561, 9.836115245850801 ], [ 106.073028014085025, 9.835963099732034 ], [ 106.073090699452806, 9.835807616512104 ], [ 106.073179214503057, 9.835727138117116 ], [ 106.072732621046171, 9.835316651539873 ], [ 106.072506117768739, 9.835110821420928 ], [ 106.072147282544236, 9.834910110201511 ], [ 106.071768212862636, 9.834746652650431 ], [ 106.071398273000653, 9.834590773877304 ], [ 106.071435663978789, 9.834545594852123 ], [ 106.071479969133122, 9.834492086187849 ], [ 106.071537057917666, 9.834450580777798 ], [ 106.071483735406289, 9.834402571434268 ], [ 106.072038666357216, 9.833880133862149 ], [ 106.072644599026205, 9.833276599506901 ], [ 106.072963612779489, 9.83297679385006 ], [ 106.073158479366953, 9.832793649613929 ], [ 106.073256848766249, 9.832689870183835 ], [ 106.07348773758072, 9.832514168956841 ], [ 106.073791551572342, 9.832268254598642 ], [ 106.078372850316711, 9.828668221920662 ], [ 106.078324576863523, 9.828254317458844 ], [ 106.092160048282167, 9.815770994729307 ], [ 106.092815957068893, 9.816075519375788 ], [ 106.094989098255752, 9.817591408322523 ], [ 106.099618059679756, 9.822406766346601 ], [ 106.101761488186256, 9.824489770111176 ], [ 106.085854898841632, 9.838278096664265 ] ] ] } },
{ "type": "Feature", "properties": { "Layer": "h-cay lau na", "PaperSpace": null, "SubClasses": "AcDbEntity:AcDbPolyline", "Linetype": "Continuou", "EntityHandle": "3BB0F", "Text": null }, "geometry": { "type": "MultiLineString", "coordinates": [ [ [ 106.089613935021333, 9.842667391945968 ], [ 106.089064339021135, 9.843114091960031 ], [ 106.088894651631534, 9.843371294021956 ], [ 106.088298825049776, 9.843841526135604 ], [ 106.087925778640695, 9.84338224853715 ], [ 106.086077783869342, 9.845012496064824 ], [ 106.083715462389861, 9.846624931453571 ], [ 106.083714241298622, 9.846623507146179 ], [ 106.083353010567834, 9.846843742620019 ], [ 106.083131072237137, 9.846563395742717 ], [ 106.083017022454413, 9.846408038294392 ], [ 106.08301174197301, 9.846412161167244 ], [ 106.082914866399349, 9.846276529117404 ], [ 106.082699547081816, 9.845975104420907 ], [ 106.082685432824988, 9.845984622057641 ], [ 106.082309313663345, 9.845280681074328 ], [ 106.082764001644961, 9.845005680380417 ], [ 106.082750961512303, 9.844985272428483 ], [ 106.082745568553918, 9.844977235037508 ], [ 106.082278928212119, 9.844274179917878 ], [ 106.082136310870737, 9.844359865310292 ], [ 106.081840442354874, 9.844497982511223 ], [ 106.081662651380356, 9.844228859978573 ], [ 106.081706810714593, 9.844196506754807 ], [ 106.081908564339642, 9.844080263787927 ], [ 106.081689710467131, 9.843748542096547 ], [ 106.081474247599672, 9.843886069561476 ], [ 106.081457591008771, 9.843901468321006 ], [ 106.080827554550027, 9.844172432798846 ], [ 106.080537969067706, 9.84376450242949 ], [ 106.080333122865554, 9.843892371333679 ], [ 106.080309161583372, 9.843849104983049 ], [ 106.079994008670667, 9.843385288366511 ], [ 106.079918106540234, 9.843303595480462 ], [ 106.079888307731096, 9.84331087961095 ], [ 106.079811936549589, 9.843169334532334 ], [ 106.079720070935963, 9.843029985912105 ], [ 106.079579337745713, 9.842837016150355 ], [ 106.079569368292312, 9.842818498718712 ], [ 106.079572809907589, 9.842805473437451 ], [ 106.079636796544463, 9.842746143592548 ], [ 106.079552363684883, 9.842634357929247 ], [ 106.079500539418348, 9.842662745876392 ], [ 106.079439318866577, 9.842687623847203 ], [ 106.079181451666102, 9.842215844472531 ], [ 106.079339194237676, 9.842151017379804 ], [ 106.07931958214354, 9.84211722612063 ], [ 106.082561381445501, 9.840321846082377 ], [ 106.084417535370179, 9.839394075170185 ], [ 106.084468459340684, 9.839516205149366 ], [ 106.084578250335966, 9.839454128073639 ], [ 106.084716743374813, 9.839253896543823 ], [ 106.085854898841632, 9.838278096664265 ], [ 106.101761488186256, 9.824489770111176 ], [ 106.107265407744194, 9.829838340417448 ], [ 106.107266953555865, 9.829855597208988 ], [ 106.089613935021333, 9.842667391945968 ] ] ] } },
{ "type": "Feature", "properties": { "Layer": "h-cay lau na", "PaperSpace": null, "SubClasses": "AcDbEntity:AcDbPolyline", "Linetype": "Continuou", "EntityHandle": "3BB10", "Text": null }, "geometry": { "type": "MultiLineString", "coordinates": [ [ [ 106.103056515885257, 9.795173773821622 ], [ 106.102987124600915, 9.795385390698465 ], [ 106.102924632365827, 9.795507919863065 ], [ 106.102691557905601, 9.795479984155936 ], [ 106.102609325217131, 9.795756118858803 ], [ 106.102495336414975, 9.796033163474821 ], [ 106.102282166366408, 9.796306857977944 ], [ 106.102113024836882, 9.796530928354793 ], [ 106.101932218922258, 9.796770450727072 ], [ 106.102064762804304, 9.796861651536245 ], [ 106.102126387034986, 9.796914614207346 ], [ 106.102126705817966, 9.7969397482448 ], [ 106.102112445761819, 9.79696807257319 ], [ 106.102066770703885, 9.797014715900318 ], [ 106.101987307536731, 9.797077964590711 ], [ 106.101600207593037, 9.796892220876106 ], [ 106.101350780948394, 9.797432243197564 ], [ 106.10133664123903, 9.797426210629123 ], [ 106.10125111298423, 9.797361174919212 ], [ 106.100872095150706, 9.796955804675591 ], [ 106.100738055665815, 9.796830278481488 ], [ 106.100732977168164, 9.796794122564339 ], [ 106.100633193488335, 9.79670922121136 ], [ 106.100520023083249, 9.796834190382389 ], [ 106.100504241838621, 9.796827708619677 ], [ 106.100053398160568, 9.796473999420286 ], [ 106.09960471063097, 9.7962037362896 ], [ 106.099470514008175, 9.796142583370301 ], [ 106.099041529251636, 9.795930238922478 ], [ 106.098963028852424, 9.795920612917557 ], [ 106.098811002375271, 9.795930374425291 ], [ 106.098746037823034, 9.795996761235184 ], [ 106.098702879508537, 9.796023780223445 ], [ 106.0977435727022, 9.795306692929623 ], [ 106.097654653098246, 9.795230541489666 ], [ 106.097511374238849, 9.795187486202849 ], [ 106.097572882608745, 9.795074362534489 ], [ 106.097107298202232, 9.794732247794457 ], [ 106.097075793888251, 9.794700658887486 ], [ 106.096765845425992, 9.794991246634593 ], [ 106.095794186946009, 9.795573038918413 ], [ 106.095565884506172, 9.795695948270778 ], [ 106.094913315592024, 9.796104581047226 ], [ 106.094313947174228, 9.796546662493672 ], [ 106.093300932718336, 9.797251842987642 ], [ 106.092834447540454, 9.797557076600047 ], [ 106.092367961487952, 9.797862309616262 ], [ 106.092074945184592, 9.798067107721634 ], [ 106.091781928514109, 9.798271905592522 ], [ 106.09149966235664, 9.798499423209512 ], [ 106.091185545758464, 9.798757419870959 ], [ 106.090829403184969, 9.79911657050771 ], [ 106.09050511003089, 9.799445241608899 ], [ 106.090190477525297, 9.799721727665638 ], [ 106.090017418430747, 9.799952670692749 ], [ 106.089736529406807, 9.800187236744115 ], [ 106.089649748015674, 9.800082870807115 ], [ 106.08930667498953, 9.799637100672237 ], [ 106.08905723304261, 9.799122634180236 ], [ 106.089007533952255, 9.799084928853878 ], [ 106.088890894295929, 9.799054843120169 ], [ 106.088791008747123, 9.799066046760101 ], [ 106.088391561588395, 9.799268268927673 ], [ 106.088198487258921, 9.799314894820789 ], [ 106.088191598961942, 9.799438076575644 ], [ 106.087796769500997, 9.799078497761009 ], [ 106.087465313231661, 9.798679707548517 ], [ 106.086870532661266, 9.798419613971507 ], [ 106.086328035625698, 9.798502472504319 ], [ 106.085494947713912, 9.798549806103638 ], [ 106.08440441600024, 9.798505605341223 ], [ 106.083939204828368, 9.798455205522194 ], [ 106.083685587497953, 9.798235479327388 ], [ 106.083347682499081, 9.797614124836588 ], [ 106.082664442740665, 9.797006011492389 ], [ 106.081525469476304, 9.796402081691674 ], [ 106.08020220683602, 9.795645560143743 ], [ 106.081220520061464, 9.794757130500793 ], [ 106.08269700413247, 9.793727759966417 ], [ 106.084419469337092, 9.792345146655768 ], [ 106.086372102683498, 9.790772372131357 ], [ 106.088232334937047, 9.78929783502562 ], [ 106.090138638634386, 9.787657559773782 ], [ 106.09085260532035, 9.786897081216813 ], [ 106.091206052803059, 9.787204701386083 ], [ 106.091419376682609, 9.787673633883113 ], [ 106.091896835017309, 9.787304377002707 ], [ 106.092570975437624, 9.786811261973499 ], [ 106.093232288720529, 9.787464157302022 ], [ 106.093608910627665, 9.787120902260652 ], [ 106.094307938084029, 9.787767500299031 ], [ 106.094671918952429, 9.787386891861338 ], [ 106.096259881714687, 9.788800520525605 ], [ 106.09605899132373, 9.788969057134516 ], [ 106.098781281848787, 9.791227471691485 ], [ 106.09850998835239, 9.791502362689011 ], [ 106.103056515885257, 9.795173773821622 ] ] ] } },
{ "type": "Feature", "properties": { "Layer": "h-cay lau na", "PaperSpace": null, "SubClasses": "AcDbEntity:AcDbPolyline", "Linetype": "Continuou", "EntityHandle": "3BB11", "Text": null }, "geometry": { "type": "MultiLineString", "coordinates": [ [ [ 106.113482535342328, 9.820580504475146 ], [ 106.114055255345392, 9.821252131158785 ], [ 106.115458705768091, 9.822277544564477 ], [ 106.115237839792769, 9.82261439054597 ], [ 106.114919932897664, 9.822943615357817 ], [ 106.114533928382514, 9.823421058222726 ], [ 106.11437507145115, 9.82363833512775 ], [ 106.113945306291285, 9.824460868663785 ], [ 106.113794109169675, 9.824630393953358 ], [ 106.11350512700983, 9.824876928655048 ], [ 106.113348539661303, 9.825188771890335 ], [ 106.113309913564692, 9.825351492916541 ], [ 106.113285117217742, 9.825400721927778 ], [ 106.113158448149449, 9.825474727541165 ], [ 106.112772492535939, 9.825486366341304 ], [ 106.112270409214275, 9.825851454199238 ], [ 106.111909238931247, 9.825857622488691 ], [ 106.111769020008197, 9.826049187622242 ], [ 106.111780366859847, 9.82622131143672 ], [ 106.111767611816092, 9.826275039181896 ], [ 106.11159963598503, 9.826371728376591 ], [ 106.111729530184718, 9.826635309161681 ], [ 106.111735398291785, 9.826703288328538 ], [ 106.111713139016558, 9.82674428516853 ], [ 106.111660369241463, 9.826800888004566 ], [ 106.111503647379067, 9.827014972345124 ], [ 106.11155829754415, 9.827114621057754 ], [ 106.111594955665566, 9.827219884712084 ], [ 106.111600044800909, 9.827260832120077 ], [ 106.111586039682948, 9.827328847203695 ], [ 106.111540011994904, 9.827482630668191 ], [ 106.111509270117963, 9.827637527777043 ], [ 106.111630031836555, 9.827853337714448 ], [ 106.111275154276484, 9.828259205237366 ], [ 106.111082438921883, 9.828458549986452 ], [ 106.110751236772629, 9.828751178517974 ], [ 106.110431994203765, 9.828904460375854 ], [ 106.109665555781191, 9.829133137889711 ], [ 106.109158752487772, 9.829414689430838 ], [ 106.108983163239628, 9.829508672313477 ], [ 106.108659155889598, 9.82954985031957 ], [ 106.108069982168487, 9.829654883485917 ], [ 106.107437627622417, 9.82977671939417 ], [ 106.107250528016152, 9.829823881041442 ], [ 106.099618059679756, 9.822406766346601 ], [ 106.094989098255752, 9.817591408322523 ], [ 106.092815957068893, 9.816075519375788 ], [ 106.082333570836127, 9.81120854366694 ], [ 106.08114633442689, 9.810445165253542 ], [ 106.081166099165358, 9.810413937737772 ], [ 106.08120565021423, 9.810355101804031 ], [ 106.082815090900993, 9.807933262215954 ], [ 106.083300809562928, 9.807223050649659 ], [ 106.083331906669457, 9.80717815256385 ], [ 106.083360050076465, 9.807112283862171 ], [ 106.083457598471099, 9.806962031311985 ], [ 106.083680339145488, 9.806622962841596 ], [ 106.08392998914762, 9.806242438994779 ], [ 106.083938633639377, 9.806233654099293 ], [ 106.084088288817199, 9.806011795393832 ], [ 106.084203000966255, 9.805824896042463 ], [ 106.084660136421192, 9.805140770807423 ], [ 106.085114530936281, 9.80445411821416 ], [ 106.085919930103543, 9.803228633582501 ], [ 106.085895567169018, 9.803214752145143 ], [ 106.086037613855908, 9.802970121891871 ], [ 106.08613550895285, 9.802862904402776 ], [ 106.087119199920394, 9.801326271157635 ], [ 106.087154219305802, 9.801283445464808 ], [ 106.087141613218677, 9.801268277989109 ], [ 106.087404791707598, 9.800861689718738 ], [ 106.087486347910428, 9.80074247531738 ], [ 106.087742039132209, 9.80032920926277 ], [ 106.087798830423935, 9.800278479914926 ], [ 106.087942496469083, 9.800074893417133 ], [ 106.087994256254987, 9.799962240233489 ], [ 106.08822600474187, 9.799469410522848 ], [ 106.088191598961942, 9.799438076575644 ], [ 106.088198487258921, 9.799314894820789 ], [ 106.088391561588395, 9.799268268927673 ], [ 106.088791008747123, 9.799066046760101 ], [ 106.088890894295929, 9.799054843120169 ], [ 106.089007533952255, 9.799084928853878 ], [ 106.08904367951304, 9.799112351493536 ], [ 106.089067526439123, 9.799143864037775 ], [ 106.08930667498953, 9.799637100672237 ], [ 106.089649748015674, 9.800082870807115 ], [ 106.090103157112765, 9.80065686024367 ], [ 106.0907912430593, 9.80161475708794 ], [ 106.091124306998509, 9.80181687454583 ], [ 106.091872189317627, 9.802238335823285 ], [ 106.094204791485353, 9.802854447192491 ], [ 106.094576184341179, 9.80314409946592 ], [ 106.0953904688336, 9.803931601080899 ], [ 106.096227083217045, 9.805007316880621 ], [ 106.097117970748968, 9.805765756109553 ], [ 106.099376514767783, 9.807668838124487 ], [ 106.100070429777915, 9.808475950007427 ], [ 106.100439042958385, 9.808961767160318 ], [ 106.10159801578645, 9.809835131287205 ], [ 106.102038953515347, 9.810301919682381 ], [ 106.103013691032771, 9.811937001841283 ], [ 106.104361926107714, 9.81263052780101 ], [ 106.113482535342328, 9.820580504475146 ] ] ] } },
{ "type": "Feature", "properties": { "Layer": "h-cay lau na", "PaperSpace": null, "SubClasses": "AcDbEntity:AcDbPolyline", "Linetype": "Continuou", "EntityHandle": "3BB12", "Text": null }, "geometry": { "type": "MultiLineString", "coordinates": [ [ [ 106.078324576863523, 9.828254317458844 ], [ 106.078372850316711, 9.828668221920662 ], [ 106.073791526958757, 9.832268273939862 ], [ 106.073675115453696, 9.83216503980889 ], [ 106.073406944411431, 9.83186668121529 ], [ 106.073128676992681, 9.831581268472023 ], [ 106.072865618964855, 9.83133986060472 ], [ 106.072760472598645, 9.831425568886445 ], [ 106.072426081161439, 9.830999659062471 ], [ 106.072543563612157, 9.830930837147903 ], [ 106.072152664548128, 9.83019427477613 ], [ 106.071940326133415, 9.829794001205471 ], [ 106.071932504749341, 9.829769617726225 ], [ 106.071918744702785, 9.829719823681421 ], [ 106.071808617681626, 9.829506455416238 ], [ 106.07175515773838, 9.829431051294085 ], [ 106.07172549161163, 9.829355787781559 ], [ 106.071630082810529, 9.829099267793039 ], [ 106.071466398001391, 9.828873151278829 ], [ 106.070704015848079, 9.829199832812584 ], [ 106.070672473233586, 9.829146542608251 ], [ 106.070263945170652, 9.828439301036877 ], [ 106.070182260550624, 9.828278052261251 ], [ 106.069696475558771, 9.828343786705654 ], [ 106.069365492878248, 9.828254383275397 ], [ 106.069007962393741, 9.827780228192065 ], [ 106.068139307014562, 9.827319136846478 ], [ 106.067884996076387, 9.827231320996216 ], [ 106.067629616890656, 9.826998123261744 ], [ 106.067343899790288, 9.826561999847661 ], [ 106.067319386019022, 9.826299753935823 ], [ 106.067227381783397, 9.825966104748987 ], [ 106.067034321795688, 9.825604054444398 ], [ 106.066865604948731, 9.82540407307841 ], [ 106.066517547074497, 9.825189021678129 ], [ 106.066252742412317, 9.825094079442696 ], [ 106.065805134481138, 9.824985157410127 ], [ 106.065242041131739, 9.824885920964688 ], [ 106.064785295862038, 9.824710469085828 ], [ 106.064924321408682, 9.824485790856412 ], [ 106.065331192542203, 9.823970253505594 ], [ 106.065457545068739, 9.823864350075389 ], [ 106.065670639031168, 9.823625033414647 ], [ 106.065900559, 9.823309380226371 ], [ 106.066215686820783, 9.822870261546344 ], [ 106.066564875616791, 9.822465623243701 ], [ 106.066769121687116, 9.822277765566538 ], [ 106.067217005991239, 9.821908674420943 ], [ 106.067928956408196, 9.821275179466458 ], [ 106.067952765644733, 9.820999155724664 ], [ 106.068008084290568, 9.820882882698518 ], [ 106.068216311343178, 9.820617511779215 ], [ 106.068373873098835, 9.820218730611263 ], [ 106.068534631690113, 9.819869739232887 ], [ 106.068551623739509, 9.81984428741875 ], [ 106.068624750775257, 9.819740297864158 ], [ 106.06865223299728, 9.819712042977878 ], [ 106.068728203745039, 9.819518432371552 ], [ 106.068827977220892, 9.819330658594698 ], [ 106.069100168798244, 9.818896039872213 ], [ 106.069246785733569, 9.818647610811817 ], [ 106.069598176536033, 9.817989313396636 ], [ 106.069592521621587, 9.817987559859786 ], [ 106.069744127424869, 9.81767167440349 ], [ 106.070027775063792, 9.817114345830928 ], [ 106.07033016364214, 9.816482123850232 ], [ 106.070650901221839, 9.815918945978042 ], [ 106.071057293224683, 9.815167317160157 ], [ 106.071056000601928, 9.815166640681454 ], [ 106.071072341697075, 9.815127215838826 ], [ 106.071366333646608, 9.81459762554409 ], [ 106.071507370328618, 9.81433980213709 ], [ 106.071606671991745, 9.814144433792135 ], [ 106.071655301050271, 9.814062257098163 ], [ 106.071811788026565, 9.813777464556136 ], [ 106.071869657448062, 9.813661638748995 ], [ 106.071966084616264, 9.813491319459706 ], [ 106.072185107737781, 9.813081308489576 ], [ 106.072265686509084, 9.812938935044222 ], [ 106.072410182131534, 9.812678935569991 ], [ 106.072537747747006, 9.812433882725477 ], [ 106.072893347004552, 9.811791713914838 ], [ 106.073056737401018, 9.811493799380116 ], [ 106.073181504675745, 9.811265296566495 ], [ 106.073470904431389, 9.811408563086058 ], [ 106.073726646794285, 9.81154004226781 ], [ 106.073972274716326, 9.811673798688107 ], [ 106.074244436479304, 9.811811397704391 ], [ 106.074474358674081, 9.811929538968915 ], [ 106.074500553411156, 9.811948300385598 ], [ 106.074698259143759, 9.812044525838271 ], [ 106.075274918500014, 9.811036260986148 ], [ 106.075297826436071, 9.810999243360277 ], [ 106.075491580076942, 9.810654442527525 ], [ 106.075800368566078, 9.810147878940391 ], [ 106.0759556497419, 9.809854135920505 ], [ 106.076365446762551, 9.809140897934448 ], [ 106.076465693358912, 9.808967316173534 ], [ 106.07656272872542, 9.808781805388614 ], [ 106.07686894482508, 9.808212860660175 ], [ 106.076893479464474, 9.808167883867066 ], [ 106.079431043748627, 9.809597861006928 ], [ 106.080153381516141, 9.809967949776027 ], [ 106.081112314494376, 9.810498915404244 ], [ 106.08114633442689, 9.810445165253542 ], [ 106.082333570836127, 9.81120854366694 ], [ 106.092160048282167, 9.815770994729307 ], [ 106.078324576863523, 9.828254317458844 ] ] ] } },
{ "type": "Feature", "properties": { "Layer": "h-cay lau na", "PaperSpace": null, "SubClasses": "AcDbEntity:AcDbPolyline", "Linetype": "Continuou", "EntityHandle": "3BB13", "Text": null }, "geometry": { "type": "MultiLineString", "coordinates": [ [ [ 106.141400543046515, 9.852030364702776 ], [ 106.141423688337497, 9.851364651819877 ], [ 106.141171674544651, 9.851355456203477 ], [ 106.14077093278803, 9.851331533958069 ], [ 106.140357260548399, 9.851315773031116 ], [ 106.140018898593794, 9.85130167712194 ], [ 106.139706339974651, 9.851288616951708 ], [ 106.139237653501951, 9.851252977351098 ], [ 106.138946813315073, 9.851250182566055 ], [ 106.138786782375234, 9.851236561604367 ], [ 106.138645002924633, 9.851231947458846 ], [ 106.138307696825692, 9.851197956709225 ], [ 106.138029340220555, 9.851191611375731 ], [ 106.139360821441912, 9.848650682448975 ], [ 106.139902712814731, 9.848724808492554 ], [ 106.14012352923335, 9.847831474019713 ], [ 106.140251697533344, 9.847775626363909 ], [ 106.140727753401436, 9.847853112629778 ], [ 106.14124418631404, 9.847971931226541 ], [ 106.141564199841937, 9.84807014611815 ], [ 106.141871221373492, 9.848191712232488 ], [ 106.142211202888177, 9.848337808018847 ], [ 106.142409822611853, 9.848458766009228 ], [ 106.142538468296138, 9.848555535618116 ], [ 106.142622303993988, 9.848487384684118 ], [ 106.142786754960568, 9.848288793564278 ], [ 106.143171967313336, 9.848204698354994 ], [ 106.143653846346908, 9.848087417352286 ], [ 106.143946375035483, 9.848210274950102 ], [ 106.144105798817009, 9.848287636638171 ], [ 106.144841569454542, 9.848758292631477 ], [ 106.145227915027021, 9.848197443335517 ], [ 106.145511021904554, 9.848347457027581 ], [ 106.14474651942902, 9.849457267728505 ], [ 106.144981527269351, 9.849629021966667 ], [ 106.145769862692461, 9.848484612180073 ], [ 106.146095237291377, 9.848675653971336 ], [ 106.145849530342844, 9.849058032421256 ], [ 106.146167663799972, 9.849233254394258 ], [ 106.146514489935242, 9.848709771719927 ], [ 106.146784918451885, 9.848852704851737 ], [ 106.146614757607225, 9.849133211123348 ], [ 106.148603271325427, 9.850094271107476 ], [ 106.148870107821921, 9.849944575336842 ], [ 106.148989769920291, 9.849828525032331 ], [ 106.149204700748925, 9.849430582760952 ], [ 106.152534162597291, 9.853672515409835 ], [ 106.152235427402289, 9.8538886308774 ], [ 106.152433189849233, 9.854162504895147 ], [ 106.152754545798771, 9.853944606182679 ], [ 106.152859382729659, 9.854097431072812 ], [ 106.15298278922009, 9.854292656759554 ], [ 106.15238077732198, 9.854690612481276 ], [ 106.15266705174075, 9.855107953178633 ], [ 106.152966202709067, 9.854904110455799 ], [ 106.153091573358438, 9.855048078054873 ], [ 106.153050188550651, 9.855144358531092 ], [ 106.153076222353377, 9.855169714461635 ], [ 106.152805540559584, 9.855358570315861 ], [ 106.152735450298891, 9.85541548582008 ], [ 106.152903827705302, 9.855592371369863 ], [ 106.153035137048789, 9.855915501946223 ], [ 106.152637195111566, 9.856610783837118 ], [ 106.152256517015076, 9.857260512342297 ], [ 106.15219869972664, 9.857532057421965 ], [ 106.151118390036928, 9.85752267194813 ], [ 106.150567128082329, 9.857479419272066 ], [ 106.149982804908177, 9.857376820389378 ], [ 106.149580985003411, 9.857364210252161 ], [ 106.149338164177578, 9.857282384665833 ], [ 106.149208760216709, 9.857660034013284 ], [ 106.149049821617169, 9.857787009744797 ], [ 106.148831580341252, 9.858312915433968 ], [ 106.147869149047494, 9.858072455451834 ], [ 106.147833413957258, 9.858062931883184 ], [ 106.147417613040332, 9.85795352365805 ], [ 106.146646352519639, 9.857749762922603 ], [ 106.146527351550986, 9.857721137825914 ], [ 106.143785820373353, 9.862825652091983 ], [ 106.143473493484493, 9.86325021144377 ], [ 106.142486538139082, 9.862372059187585 ], [ 106.139433026217958, 9.860265012840628 ], [ 106.137516857742895, 9.859424425181123 ], [ 106.135329428232481, 9.85842164203445 ], [ 106.133892329612777, 9.857537256837315 ], [ 106.132312853130088, 9.856308799204848 ], [ 106.131036999892132, 9.855449221548746 ], [ 106.131358301549383, 9.855011567427166 ], [ 106.131698654022401, 9.854045618029254 ], [ 106.131848647201608, 9.853771270985582 ], [ 106.132003269425155, 9.853335387625751 ], [ 106.132069352266655, 9.853363451606185 ], [ 106.132641668855001, 9.853524401799598 ], [ 106.133807095131189, 9.853705394747815 ], [ 106.134207296599186, 9.853779053954325 ], [ 106.135197370283052, 9.8539438256257 ], [ 106.13546824008408, 9.854028968808569 ], [ 106.135704657781432, 9.853329500627476 ], [ 106.135923047804823, 9.85258597492475 ], [ 106.136069727878805, 9.852150173354726 ], [ 106.136158867175595, 9.851851096029568 ], [ 106.141400543046515, 9.852030364702776 ] ] ] } },
{ "type": "Feature", "properties": { "Layer": "h-cay lau na", "PaperSpace": null, "SubClasses": "AcDbEntity:AcDbPolyline", "Linetype": "Continuou", "EntityHandle": "3BB14", "Text": null }, "geometry": { "type": "MultiLineString", "coordinates": [ [ [ 106.146930234217777, 9.833434889302588 ], [ 106.145303985132543, 9.835218112436099 ], [ 106.146226651009556, 9.836112733710539 ], [ 106.144675237529739, 9.837678684655659 ], [ 106.143832660228085, 9.837011199395466 ], [ 106.138535682894457, 9.842561051742084 ], [ 106.140142909943378, 9.842870865873643 ], [ 106.13995185846828, 9.843241381221491 ], [ 106.1397600566211, 9.843718316930145 ], [ 106.14057691737348, 9.843697449654103 ], [ 106.140563287027959, 9.844356204788035 ], [ 106.137170309220537, 9.844390009005634 ], [ 106.14012352923335, 9.847831474019713 ], [ 106.139902712814731, 9.848724808492554 ], [ 106.139360821441912, 9.848650682448975 ], [ 106.138029340220555, 9.851191611375731 ], [ 106.138307696825692, 9.851197956709225 ], [ 106.138645002924633, 9.851231947458846 ], [ 106.138786782375234, 9.851236561604367 ], [ 106.138946813315073, 9.851250182566055 ], [ 106.139237653501951, 9.851252977351098 ], [ 106.139706339974651, 9.851288616951708 ], [ 106.140018898593794, 9.85130167712194 ], [ 106.140357260548399, 9.851315773031116 ], [ 106.14077093278803, 9.851331533958069 ], [ 106.141171674544651, 9.851355456203477 ], [ 106.141423688337497, 9.851364651819877 ], [ 106.141400543046515, 9.852030364702776 ], [ 106.136158867175595, 9.851851096029568 ], [ 106.136069727878805, 9.852150173354726 ], [ 106.135923047804823, 9.85258597492475 ], [ 106.135704657781432, 9.853329500627476 ], [ 106.13546824008408, 9.854028968808569 ], [ 106.135197370283052, 9.8539438256257 ], [ 106.134207296599186, 9.853779053954325 ], [ 106.133807095131189, 9.853705394747815 ], [ 106.132641668855001, 9.853524401799598 ], [ 106.132069352266655, 9.853363451606185 ], [ 106.131918432627941, 9.853299359211723 ], [ 106.131486471886049, 9.853112738792998 ], [ 106.131126934621577, 9.85303936190345 ], [ 106.130312118834397, 9.852982476711553 ], [ 106.130302423088807, 9.852629698225414 ], [ 106.130223211117979, 9.852638073817351 ], [ 106.130162846611256, 9.852681314128478 ], [ 106.129793587068534, 9.852576941812087 ], [ 106.12975478589145, 9.852548804934127 ], [ 106.129802087131267, 9.852299715685684 ], [ 106.129571946475565, 9.852190653224602 ], [ 106.129641332530312, 9.851712412931322 ], [ 106.129106529242691, 9.851619469442372 ], [ 106.128896735566343, 9.851277732492411 ], [ 106.128541508700394, 9.851553615230818 ], [ 106.128262220859213, 9.851754929088679 ], [ 106.127968645754635, 9.851392632420719 ], [ 106.127100904178889, 9.852090210874564 ], [ 106.126845039447161, 9.852265198141668 ], [ 106.126574221308687, 9.852430801735231 ], [ 106.126353613845566, 9.85256756160225 ], [ 106.126059040984302, 9.852756523252543 ], [ 106.125809721395726, 9.852941125813569 ], [ 106.125402282674926, 9.853235004322769 ], [ 106.124738901321038, 9.853669663013955 ], [ 106.123720818304392, 9.854363867587137 ], [ 106.122224064719404, 9.855390484625238 ], [ 106.121617627730302, 9.855802800198697 ], [ 106.121050610397262, 9.856172314864279 ], [ 106.120016498324119, 9.856844429614219 ], [ 106.118622467881806, 9.858213421946155 ], [ 106.118404669082992, 9.858737472381591 ], [ 106.118070004292349, 9.858694482104738 ], [ 106.117887177690264, 9.858723259408356 ], [ 106.117797329916499, 9.859022969701128 ], [ 106.116149456333162, 9.858590854263142 ], [ 106.115996283699602, 9.8585030926827 ], [ 106.115795300248706, 9.857902870800078 ], [ 106.116013975465719, 9.857983248055117 ], [ 106.116079811014373, 9.858038098161412 ], [ 106.116204150345709, 9.858100217974645 ], [ 106.116110126783198, 9.857425232302303 ], [ 106.116085363788315, 9.857247799345505 ], [ 106.116004286159253, 9.856692729086735 ], [ 106.115954235269953, 9.856349617604641 ], [ 106.115828314347979, 9.855653405994795 ], [ 106.11579731268138, 9.855405553638496 ], [ 106.115769779435723, 9.855208958389309 ], [ 106.115549465914668, 9.855232144044091 ], [ 106.11497843084517, 9.855259314061959 ], [ 106.114804682537979, 9.855270480031569 ], [ 106.114397647718263, 9.855290388570241 ], [ 106.114259158234546, 9.855288742014867 ], [ 106.114137710859552, 9.855283538333056 ], [ 106.113899322366692, 9.855294188578052 ], [ 106.113846958058119, 9.85517774308085 ], [ 106.113662779729282, 9.854873209589828 ], [ 106.113438994517679, 9.85444850032167 ], [ 106.113298324130284, 9.854203830495978 ], [ 106.113270398186785, 9.854139236826118 ], [ 106.113044305074595, 9.853698438117549 ], [ 106.113038169552496, 9.85368371214224 ], [ 106.112982092617656, 9.853580654152188 ], [ 106.112953550816101, 9.85352808633133 ], [ 106.112546476003658, 9.853525299236122 ], [ 106.11253410783597, 9.853492592616307 ], [ 106.112097623534311, 9.853461016983882 ], [ 106.111876741598749, 9.853422721203467 ], [ 106.111904784561162, 9.853402598951579 ], [ 106.112378007791122, 9.853037652519571 ], [ 106.112414062516677, 9.853011548516502 ], [ 106.112760015485605, 9.852746737486962 ], [ 106.112880202512784, 9.852662345937125 ], [ 106.113230393067965, 9.852421666713649 ], [ 106.113696737747503, 9.852085482016648 ], [ 106.113984993203459, 9.851877643712259 ], [ 106.114056192124067, 9.851826341159196 ], [ 106.114653591583391, 9.851368041789888 ], [ 106.115272915645264, 9.850836106331718 ], [ 106.115283106885656, 9.850776325593564 ], [ 106.115461266798576, 9.850490480583158 ], [ 106.114902721432415, 9.849922265801677 ], [ 106.114787525404651, 9.849796305944119 ], [ 106.114323183879947, 9.849290980737523 ], [ 106.113720222825719, 9.848612722965523 ], [ 106.113383428941205, 9.848256027451432 ], [ 106.112929702570554, 9.847769893259978 ], [ 106.112607061463279, 9.847424110998851 ], [ 106.1124674133371, 9.847286757484675 ], [ 106.111982561429215, 9.846778798613292 ], [ 106.111838462558808, 9.846600586720943 ], [ 106.112010392703283, 9.846446123085594 ], [ 106.112314852653071, 9.846178133143329 ], [ 106.112186460381722, 9.846013906749727 ], [ 106.112120785691246, 9.846044675374824 ], [ 106.1120288128445, 9.846052617445057 ], [ 106.111892585353232, 9.846039573701999 ], [ 106.111523932247195, 9.846004257383751 ], [ 106.111328775179942, 9.845971791131333 ], [ 106.110994708968605, 9.845905671605005 ], [ 106.11068293133313, 9.845813744069996 ], [ 106.110666362272084, 9.84582643168242 ], [ 106.110607942903499, 9.8458365730017 ], [ 106.110561273962659, 9.845804331019222 ], [ 106.110119886673615, 9.845864668829886 ], [ 106.109711942026649, 9.845961327396697 ], [ 106.109525206097842, 9.845641882610183 ], [ 106.109135282855746, 9.844969288701748 ], [ 106.109030232690614, 9.844756106061693 ], [ 106.109897620772657, 9.844523267713313 ], [ 106.109853369400369, 9.844484755987564 ], [ 106.109898578775841, 9.844469824643273 ], [ 106.109861211787887, 9.844426945128884 ], [ 106.112912539439805, 9.843575865682446 ], [ 106.113816169072308, 9.843308225471286 ], [ 106.113895625100014, 9.843284754147552 ], [ 106.114144198321156, 9.843211247422463 ], [ 106.114207525964915, 9.843192416487655 ], [ 106.11434174455097, 9.843152751710909 ], [ 106.115034279673935, 9.843013428758265 ], [ 106.115380358918145, 9.842916055032443 ], [ 106.115494716376361, 9.84288393039348 ], [ 106.115605884250527, 9.842852534844781 ], [ 106.115993879198058, 9.842743511075957 ], [ 106.116070970727733, 9.84272338890689 ], [ 106.116086917843376, 9.842719381589786 ], [ 106.117510910864112, 9.84234156184456 ], [ 106.118510581077061, 9.842099592520823 ], [ 106.11863606580809, 9.842070339750352 ], [ 106.119280158953728, 9.841818711736851 ], [ 106.119670035943088, 9.841693677062286 ], [ 106.119696826742668, 9.841686846845555 ], [ 106.120054948630667, 9.841595594591128 ], [ 106.1202980333574, 9.841513775421223 ], [ 106.120404275464168, 9.841481483241409 ], [ 106.120446097487857, 9.841468477184872 ], [ 106.120554980905567, 9.841434823892252 ], [ 106.120602451961219, 9.841419999153578 ], [ 106.120790514633924, 9.841361698040309 ], [ 106.120819489359064, 9.841352693777335 ], [ 106.121188324911401, 9.841238184150008 ], [ 106.121307020509235, 9.841186429686585 ], [ 106.121389916120705, 9.841150292304853 ], [ 106.121579209348297, 9.841067667005444 ], [ 106.121615464609334, 9.841051777784127 ], [ 106.121698542316665, 9.841015549580971 ], [ 106.121758026619261, 9.840989581603379 ], [ 106.121813411737719, 9.840965429447921 ], [ 106.122006257415066, 9.840881260338412 ], [ 106.122055083651702, 9.840859923065938 ], [ 106.122115801264556, 9.840810987476807 ], [ 106.122735646861017, 9.840491344768971 ], [ 106.122792514924257, 9.840455497176213 ], [ 106.122889494756649, 9.840394559923663 ], [ 106.122918197352561, 9.840386369720539 ], [ 106.122971201240659, 9.840356525661825 ], [ 106.123287402533776, 9.840178278236181 ], [ 106.123340588010294, 9.840148072130349 ], [ 106.123686887517863, 9.83992826859941 ], [ 106.124871340614433, 9.839200414476737 ], [ 106.125846064532411, 9.838597355114947 ], [ 106.126496153544508, 9.838196157447063 ], [ 106.126918858846878, 9.837934256925658 ], [ 106.127479522180835, 9.837587743222656 ], [ 106.128185699084085, 9.837151086380423 ], [ 106.128692730728417, 9.836840745800997 ], [ 106.130857439051766, 9.83551584996045 ], [ 106.13342680036736, 9.833943171530008 ], [ 106.137255067649647, 9.831574177561778 ], [ 106.137324726678571, 9.831531099537136 ], [ 106.141431466246459, 9.828983963150632 ], [ 106.143166926768885, 9.827884086010197 ], [ 106.147761179340662, 9.832623540913637 ], [ 106.147081966275493, 9.83326398758846 ], [ 106.146930234217777, 9.833434889302588 ] ] ] } },
{ "type": "Feature", "properties": { "Layer": "h-cay lau na", "PaperSpace": null, "SubClasses": "AcDbEntity:AcDbPolyline", "Linetype": "Continuou", "EntityHandle": "3BB15", "Text": null }, "geometry": { "type": "MultiLineString", "coordinates": [ [ [ 106.156286043078154, 9.840855924824096 ], [ 106.157085095775784, 9.841190066342024 ], [ 106.15710804968063, 9.841281675332109 ], [ 106.157241252630229, 9.841366456818827 ], [ 106.157322591982179, 9.841460131012603 ], [ 106.157449877968119, 9.841684248486365 ], [ 106.15747410984136, 9.841671943132415 ], [ 106.157564596467736, 9.84176702795512 ], [ 106.157617688129733, 9.841699439395098 ], [ 106.157602705976302, 9.841625640619426 ], [ 106.157513431793802, 9.840804611303732 ], [ 106.158075326014881, 9.840572148930983 ], [ 106.158203881866868, 9.840534473140778 ], [ 106.158431449550321, 9.840489431224135 ], [ 106.158575192039066, 9.84048135164446 ], [ 106.158755015703804, 9.84047355081502 ], [ 106.158933332709594, 9.840472590718317 ], [ 106.159329109311372, 9.840630910411457 ], [ 106.159486024571621, 9.840851070931624 ], [ 106.159574002073583, 9.840969333150646 ], [ 106.159660687976981, 9.841067449854942 ], [ 106.159782714715021, 9.841223480523484 ], [ 106.159840947611201, 9.841321277963585 ], [ 106.160132492766834, 9.841253382842263 ], [ 106.160417572586042, 9.841323336803841 ], [ 106.160559014145093, 9.841383809203105 ], [ 106.160797241354587, 9.841573718587734 ], [ 106.160917150116788, 9.841768510445414 ], [ 106.161046641923392, 9.842108686449938 ], [ 106.161041308379026, 9.842271514663967 ], [ 106.161274878791147, 9.842445837968802 ], [ 106.161514436010435, 9.842442083647908 ], [ 106.161757705481733, 9.842500402555693 ], [ 106.162543858346964, 9.842667832162595 ], [ 106.162224651740814, 9.843312968375422 ], [ 106.162060945737281, 9.843507999118637 ], [ 106.161998693096862, 9.844046362831834 ], [ 106.16199591856531, 9.844054841338485 ], [ 106.161997471821934, 9.844099043819353 ], [ 106.16199552463371, 9.844370768854725 ], [ 106.161991371444572, 9.844381425404983 ], [ 106.162162356297756, 9.844388214528962 ], [ 106.162486015890792, 9.84482638141897 ], [ 106.162654942933045, 9.845303050926402 ], [ 106.16261862961683, 9.845478964126961 ], [ 106.162337147161935, 9.845958594959495 ], [ 106.161912843574669, 9.84627732343437 ], [ 106.161516565070755, 9.846313276922551 ], [ 106.16110581604336, 9.846262397373501 ], [ 106.160546366132522, 9.845955158327255 ], [ 106.160248129502378, 9.84599634924443 ], [ 106.160148058179161, 9.846119429441847 ], [ 106.159942665913704, 9.846405350346837 ], [ 106.159844034659599, 9.846655951121722 ], [ 106.160279206529708, 9.846720958831799 ], [ 106.16073308487519, 9.846848580969969 ], [ 106.16078990044565, 9.846782082754833 ], [ 106.161283430714633, 9.846560320085217 ], [ 106.16187008333938, 9.846440909651871 ], [ 106.162267697685294, 9.846451483286067 ], [ 106.162648070249062, 9.84668608473754 ], [ 106.162889646052875, 9.846922166233659 ], [ 106.16310608114108, 9.847366099187878 ], [ 106.163089912665711, 9.848435330268535 ], [ 106.162976615179545, 9.848706140609911 ], [ 106.162547040350731, 9.84913754172527 ], [ 106.162627051920154, 9.849331221072912 ], [ 106.162818046101492, 9.849638432157825 ], [ 106.162985549318279, 9.850257204879567 ], [ 106.163088327201251, 9.850598165992738 ], [ 106.163201766041993, 9.850937502269552 ], [ 106.163331056005219, 9.851690239740392 ], [ 106.162617835110026, 9.851817289597566 ], [ 106.162388234258259, 9.851937628808557 ], [ 106.16221837251895, 9.851886426199185 ], [ 106.162118677747472, 9.851909406009451 ], [ 106.162085015203729, 9.851899074445498 ], [ 106.161553734888486, 9.851655546685272 ], [ 106.1609767457917, 9.851395380975934 ], [ 106.160340037586252, 9.85108768295243 ], [ 106.160406662737813, 9.850802387511672 ], [ 106.159557586019304, 9.850479094795125 ], [ 106.159362000137605, 9.850908751304329 ], [ 106.156535667499469, 9.849361524972451 ], [ 106.156017443203794, 9.850351598233003 ], [ 106.155165012533374, 9.850035035662607 ], [ 106.155089327099034, 9.850290153906929 ], [ 106.154989781555216, 9.850666197588625 ], [ 106.149584226295488, 9.849515815361238 ], [ 106.149292505952019, 9.849341606152239 ], [ 106.14921388222308, 9.84944228071133 ], [ 106.149204700748925, 9.849430582760952 ], [ 106.148989769920291, 9.849828525032331 ], [ 106.148870107821921, 9.849944575336842 ], [ 106.148603271325427, 9.850094271107476 ], [ 106.146614757607225, 9.849133211123348 ], [ 106.146784918451885, 9.848852704851737 ], [ 106.146514489935242, 9.848709771719927 ], [ 106.146167663799972, 9.849233254394258 ], [ 106.145849530342844, 9.849058032421256 ], [ 106.146095237291377, 9.848675653971336 ], [ 106.145769862692461, 9.848484612180073 ], [ 106.144981527269351, 9.849629021966667 ], [ 106.14474651942902, 9.849457267728505 ], [ 106.145511021904554, 9.848347457027581 ], [ 106.145227915027021, 9.848197443335517 ], [ 106.144841569454542, 9.848758292631477 ], [ 106.144105798817009, 9.848287636638171 ], [ 106.143946375035483, 9.848210274950102 ], [ 106.143653846346908, 9.848087417352286 ], [ 106.143171967313336, 9.848204698354994 ], [ 106.142786754960568, 9.848288793564278 ], [ 106.142622303993988, 9.848487384684118 ], [ 106.142538468296138, 9.848555535618116 ], [ 106.142409822611853, 9.848458766009228 ], [ 106.142211202888177, 9.848337808018847 ], [ 106.141871221373492, 9.848191712232488 ], [ 106.141564199841937, 9.84807014611815 ], [ 106.14124418631404, 9.847971931226541 ], [ 106.140727753401436, 9.847853112629778 ], [ 106.140251697533344, 9.847775626363909 ], [ 106.14012352923335, 9.847831474019713 ], [ 106.137170309220537, 9.844390009005634 ], [ 106.140563287027959, 9.844356204788035 ], [ 106.14057691737348, 9.843697449654103 ], [ 106.1397600566211, 9.843718316930145 ], [ 106.13995185846828, 9.843241381221491 ], [ 106.140142909943378, 9.842870865873643 ], [ 106.138535682894457, 9.842561051742084 ], [ 106.143832660228085, 9.837011199395466 ], [ 106.144675237529739, 9.837678684655659 ], [ 106.146226651009556, 9.836112733710539 ], [ 106.145303985132543, 9.835218112436099 ], [ 106.146930234217777, 9.833434889302588 ], [ 106.147081966275493, 9.83326398758846 ], [ 106.147759945999439, 9.832624703864724 ], [ 106.147762816310504, 9.832625229583281 ], [ 106.147976393645791, 9.832847193987426 ], [ 106.148419066727968, 9.833280265659255 ], [ 106.148733672442162, 9.833493752895631 ], [ 106.149021166508376, 9.833810958772577 ], [ 106.149106981544833, 9.833888996597418 ], [ 106.149213974989678, 9.833987704228553 ], [ 106.149386731748208, 9.83410892765907 ], [ 106.149601363597384, 9.834283198853413 ], [ 106.14994040792466, 9.834532733087187 ], [ 106.150240992664763, 9.834812512925662 ], [ 106.150309968384363, 9.834883510934878 ], [ 106.150433462606969, 9.835101259441796 ], [ 106.150612954006618, 9.83522278430104 ], [ 106.15073530571172, 9.835358531331526 ], [ 106.150914874439081, 9.835572434485965 ], [ 106.15114690537311, 9.835786824978308 ], [ 106.151604492626348, 9.836205441547817 ], [ 106.15208640856963, 9.836605774832631 ], [ 106.152250091518013, 9.836761567006006 ], [ 106.152636397548889, 9.837059377093565 ], [ 106.152725709755885, 9.837120742392933 ], [ 106.152865721447697, 9.837246917666942 ], [ 106.152979071295448, 9.837399113168084 ], [ 106.153030105706392, 9.837503442006865 ], [ 106.153120314594844, 9.837595043362091 ], [ 106.153287166590161, 9.837855149335919 ], [ 106.153565119729095, 9.83809810068256 ], [ 106.15411805136246, 9.838472830099912 ], [ 106.154325816361279, 9.839033946114583 ], [ 106.154391543573922, 9.839060080175468 ], [ 106.154829455752946, 9.839183744136498 ], [ 106.155396324588011, 9.839410790204951 ], [ 106.155618835342253, 9.839573103837781 ], [ 106.155822590219714, 9.84000202289549 ], [ 106.155827435052402, 9.840456142268749 ], [ 106.155878445867501, 9.840533851314412 ], [ 106.156123540709217, 9.84069069563229 ], [ 106.156286043078154, 9.840855924824096 ] ] ] } },
{ "type": "Feature", "properties": { "Layer": "h-cay lau na", "PaperSpace": null, "SubClasses": "AcDbEntity:AcDbPolyline", "Linetype": "Continuou", "EntityHandle": "3BB16", "Text": null }, "geometry": { "type": "MultiLineString", "coordinates": [ [ [ 106.163534022600231, 9.853244518091708 ], [ 106.163336198558795, 9.853734585082842 ], [ 106.163354805936066, 9.854278554369136 ], [ 106.163493652583952, 9.854599709153302 ], [ 106.163639375534089, 9.854800619531938 ], [ 106.163749756207963, 9.854903231242066 ], [ 106.165055888932216, 9.855188175841162 ], [ 106.165674887579186, 9.855594077296788 ], [ 106.166835160605061, 9.856067620398873 ], [ 106.167597364508012, 9.856605797930705 ], [ 106.167887871677266, 9.85693222728132 ], [ 106.16813369957228, 9.857440394403541 ], [ 106.168226330765947, 9.857897609138798 ], [ 106.168165691201722, 9.858430036841952 ], [ 106.168000396586237, 9.85885069286152 ], [ 106.167849783168748, 9.859129397770564 ], [ 106.167763783565718, 9.859537470129743 ], [ 106.167861009249691, 9.8601427352641 ], [ 106.167708853224909, 9.860411238575537 ], [ 106.16724311034227, 9.861014639822789 ], [ 106.166745384063631, 9.861446754732103 ], [ 106.166560135482314, 9.861526340553807 ], [ 106.166321096150483, 9.861609226115849 ], [ 106.16611494435432, 9.861633918571066 ], [ 106.165890323492064, 9.861710207395729 ], [ 106.165155730874304, 9.861829516870433 ], [ 106.164661776517008, 9.861692730826205 ], [ 106.164359898318736, 9.861543895017148 ], [ 106.16373078719424, 9.861005696451437 ], [ 106.163528590417968, 9.860796896897687 ], [ 106.163182625279035, 9.860710843097859 ], [ 106.163108587360696, 9.860724790441649 ], [ 106.162308961362143, 9.860821428500445 ], [ 106.161934060336293, 9.860953845540003 ], [ 106.161539960186005, 9.86110518385656 ], [ 106.16143895583582, 9.861133951260273 ], [ 106.160518299850651, 9.860891058647908 ], [ 106.159878437049699, 9.860707218069804 ], [ 106.159848031833135, 9.860778625807301 ], [ 106.159388914714796, 9.861094912657133 ], [ 106.158996370930367, 9.861211383552897 ], [ 106.158926730038246, 9.861207384125223 ], [ 106.158489764408387, 9.861421210635379 ], [ 106.157555607905664, 9.861833859199479 ], [ 106.157317171353355, 9.862191511364539 ], [ 106.156962215737835, 9.86251436079538 ], [ 106.156836902872129, 9.862728193445497 ], [ 106.156783936846026, 9.86290978331242 ], [ 106.156598472722806, 9.863173071816298 ], [ 106.156700991251114, 9.863353645704267 ], [ 106.156926321124232, 9.864044563165853 ], [ 106.15685140195049, 9.86462357070649 ], [ 106.156786590621579, 9.865376631807624 ], [ 106.156935658345319, 9.865667916332828 ], [ 106.156966501971581, 9.866126179085587 ], [ 106.156861953629033, 9.866902796784384 ], [ 106.153923470349795, 9.865848043085194 ], [ 106.1538564647622, 9.865865552354323 ], [ 106.153101682694924, 9.866023350236752 ], [ 106.151932004049399, 9.86629647411945 ], [ 106.15135351505802, 9.866335777452752 ], [ 106.150539330585403, 9.866194440284083 ], [ 106.150022657927408, 9.86593439155647 ], [ 106.148768753637668, 9.865089773226638 ], [ 106.148564944419178, 9.865005291399262 ], [ 106.148216450292836, 9.864994821288741 ], [ 106.147658518330786, 9.864957215477904 ], [ 106.147040878871266, 9.864862377819689 ], [ 106.146431684620666, 9.864613454494851 ], [ 106.146339600332396, 9.864676092032285 ], [ 106.145906344709189, 9.865113591475312 ], [ 106.145017303873075, 9.864623814592655 ], [ 106.143473493484493, 9.86325021144377 ], [ 106.143785820373353, 9.862825652091983 ], [ 106.146527351550986, 9.857721137825914 ], [ 106.146646352519639, 9.857749762922603 ], [ 106.147417613040332, 9.85795352365805 ], [ 106.147833413957258, 9.858062931883184 ], [ 106.147869149047494, 9.858072455451834 ], [ 106.148831580341252, 9.858312915433968 ], [ 106.149049821617169, 9.857787009744797 ], [ 106.149208760216709, 9.857660034013284 ], [ 106.149338164177578, 9.857282384665833 ], [ 106.149580985003411, 9.857364210252161 ], [ 106.149982804908177, 9.857376820389378 ], [ 106.150567128082329, 9.857479419272066 ], [ 106.151118390036928, 9.85752267194813 ], [ 106.15219869972664, 9.857532057421965 ], [ 106.152256517015076, 9.857260512342297 ], [ 106.152637195111566, 9.856610783837118 ], [ 106.153035137048789, 9.855915501946223 ], [ 106.152903827705302, 9.855592371369863 ], [ 106.152735450298891, 9.85541548582008 ], [ 106.152805540559584, 9.855358570315861 ], [ 106.153076222353377, 9.855169714461635 ], [ 106.153050188550651, 9.855144358531092 ], [ 106.153091573358438, 9.855048078054873 ], [ 106.152966202709067, 9.854904110455799 ], [ 106.15266705174075, 9.855107953178633 ], [ 106.15238077732198, 9.854690612481276 ], [ 106.15298278922009, 9.854292656759554 ], [ 106.152859382729659, 9.854097431072812 ], [ 106.152754545798771, 9.853944606182679 ], [ 106.152433189849233, 9.854162504895147 ], [ 106.152235427402289, 9.8538886308774 ], [ 106.152534162597291, 9.853672515409835 ], [ 106.14921388222308, 9.84944228071133 ], [ 106.149292505952019, 9.849341606152239 ], [ 106.149584226295488, 9.849515815361238 ], [ 106.154989781555216, 9.850666197588625 ], [ 106.155089327099034, 9.850290153906929 ], [ 106.155165012533374, 9.850035035662607 ], [ 106.156017443203794, 9.850351598233003 ], [ 106.156535667499469, 9.849361524972451 ], [ 106.159362000137605, 9.850908751304329 ], [ 106.159557586019304, 9.850479094795125 ], [ 106.160406662737813, 9.850802387511672 ], [ 106.160340037586252, 9.85108768295243 ], [ 106.1609767457917, 9.851395380975934 ], [ 106.161553734888486, 9.851655546685272 ], [ 106.162111276451512, 9.851911112019167 ], [ 106.16221837251895, 9.851886426199185 ], [ 106.162388234258259, 9.851937628808557 ], [ 106.162617835110026, 9.851817289597566 ], [ 106.163373226880168, 9.851682727566956 ], [ 106.163556607326285, 9.851840257129352 ], [ 106.163644723624586, 9.852021877358609 ], [ 106.163534022600231, 9.853244518091708 ] ] ] } },
{ "type": "Feature", "properties": { "Layer": "h-cay lau na", "PaperSpace": null, "SubClasses": "AcDbEntity:AcDbPolyline", "Linetype": "Continuou", "EntityHandle": "3BB17", "Text": null }, "geometry": { "type": "MultiLineString", "coordinates": [ [ [ 106.127467797469009, 9.811967014303539 ], [ 106.127437655604709, 9.812719680600836 ], [ 106.127480681958232, 9.813108294945282 ], [ 106.128191444993476, 9.813245028800107 ], [ 106.128627598016706, 9.813390911591222 ], [ 106.129233749691977, 9.813698149371932 ], [ 106.130398366934514, 9.814718054543693 ], [ 106.130782444545517, 9.814920960466122 ], [ 106.131172544398098, 9.815258937871127 ], [ 106.131290289987064, 9.815571343128013 ], [ 106.131143299255086, 9.816696038710775 ], [ 106.131218158180729, 9.816799593799811 ], [ 106.131417931012209, 9.816904626145513 ], [ 106.131705603738979, 9.81705295828368 ], [ 106.132002840747674, 9.817212839827819 ], [ 106.132163443045968, 9.817226860504974 ], [ 106.13275037342018, 9.817521484964145 ], [ 106.137617047198219, 9.820907918676262 ], [ 106.137755166049899, 9.821016321377726 ], [ 106.137909443563558, 9.821509370196589 ], [ 106.138901169965578, 9.8226895564564 ], [ 106.139494948569819, 9.823373173123866 ], [ 106.139762984967831, 9.823714633652493 ], [ 106.13982589606087, 9.823808352060023 ], [ 106.14010797645517, 9.824128556158938 ], [ 106.140559820450633, 9.824662287288975 ], [ 106.140620688735922, 9.824726873597971 ], [ 106.140748369105182, 9.824907036274299 ], [ 106.140721638858466, 9.824893873197921 ], [ 106.141150278827396, 9.825378028158605 ], [ 106.141984595963578, 9.826425387917039 ], [ 106.142351196951907, 9.826883130122178 ], [ 106.142930955202431, 9.827574163597218 ], [ 106.143141166743391, 9.827900411972294 ], [ 106.141431466246459, 9.828983963150632 ], [ 106.137324726678557, 9.831531099537136 ], [ 106.137255067649647, 9.831574177561778 ], [ 106.133426800367346, 9.833943171530008 ], [ 106.130857439051766, 9.83551584996045 ], [ 106.128692730728417, 9.836840745800997 ], [ 106.128185699084085, 9.837151086380423 ], [ 106.127479522180835, 9.837587743222656 ], [ 106.126918858846878, 9.837934256925658 ], [ 106.126496153544508, 9.838196157447063 ], [ 106.125846064532411, 9.838597355114947 ], [ 106.124871340614433, 9.839200414476737 ], [ 106.123686887517863, 9.83992826859941 ], [ 106.123340588010294, 9.840148072130349 ], [ 106.123287402533776, 9.840178278236181 ], [ 106.122971201240659, 9.840356525661825 ], [ 106.122918197352561, 9.840386369720539 ], [ 106.122889494756649, 9.840394559923663 ], [ 106.122792514924257, 9.840455497176213 ], [ 106.122735693135169, 9.840491315599396 ], [ 106.122692065767225, 9.840513818774694 ], [ 106.122115801264556, 9.840810987476807 ], [ 106.122055083651702, 9.840859923065938 ], [ 106.122006257415066, 9.840881260338412 ], [ 106.121813411737719, 9.840965429447921 ], [ 106.121758026619261, 9.840989581603379 ], [ 106.121698542316665, 9.841015549580971 ], [ 106.121615464609334, 9.841051777784127 ], [ 106.121579209348297, 9.841067667005444 ], [ 106.121412871692513, 9.841140214086133 ], [ 106.121389916120705, 9.841150292304853 ], [ 106.121319500385468, 9.841180981872496 ], [ 106.121188324911401, 9.841238184150008 ], [ 106.120819489359064, 9.841352693777335 ], [ 106.120790514633924, 9.841361698040309 ], [ 106.120602451961219, 9.841419999153578 ], [ 106.120554980905567, 9.841434823892252 ], [ 106.120446097487857, 9.841468477184872 ], [ 106.120404275464168, 9.841481483241409 ], [ 106.1202980333574, 9.841513775421223 ], [ 106.120054948630667, 9.841595594591128 ], [ 106.119670092528366, 9.841693658915178 ], [ 106.119280158953728, 9.841818711736851 ], [ 106.11863606580809, 9.842070339750352 ], [ 106.118510581077061, 9.842099592520823 ], [ 106.117510910864112, 9.84234156184456 ], [ 106.116086917843376, 9.842719381589786 ], [ 106.116070970727733, 9.84272338890689 ], [ 106.115993879198058, 9.842743511075957 ], [ 106.115605884250527, 9.842852534844781 ], [ 106.115494716376361, 9.84288393039348 ], [ 106.115380358918145, 9.842916055032443 ], [ 106.115034279673935, 9.843013428758265 ], [ 106.11434174455097, 9.843152751710909 ], [ 106.114207525964915, 9.843192416487655 ], [ 106.114144198321156, 9.843211247422463 ], [ 106.113895625100014, 9.843284754147552 ], [ 106.113816169072308, 9.843308225471286 ], [ 106.112912539439805, 9.843575865682446 ], [ 106.109861211787887, 9.844426945128884 ], [ 106.109898578775841, 9.844469824643273 ], [ 106.109853369400369, 9.844484755987564 ], [ 106.109674727186515, 9.844329284495888 ], [ 106.109281695681318, 9.844073856665045 ], [ 106.109076074886531, 9.843952352191618 ], [ 106.108757622190055, 9.843748776079144 ], [ 106.108021288769365, 9.843309976823321 ], [ 106.107617224049491, 9.843101942592135 ], [ 106.107102537761548, 9.842823494907435 ], [ 106.106420139096429, 9.842462891722642 ], [ 106.105915695102894, 9.84225078608991 ], [ 106.105765235167425, 9.842080990971986 ], [ 106.105134468832318, 9.841636480558392 ], [ 106.105348209781368, 9.841462687619808 ], [ 106.105678217517763, 9.841255685839732 ], [ 106.106854723228381, 9.840612916272073 ], [ 106.107993401510669, 9.839926270702129 ], [ 106.108923789484507, 9.839403642392858 ], [ 106.109197136230222, 9.839231107890518 ], [ 106.10955488339286, 9.838982541611575 ], [ 106.110612896575489, 9.838360406511187 ], [ 106.110558622132515, 9.838244054027268 ], [ 106.110383445443091, 9.837969066152329 ], [ 106.11016014759582, 9.837651761838409 ], [ 106.109914313526616, 9.837324100634236 ], [ 106.109631996524016, 9.836937104376672 ], [ 106.109192998970912, 9.836168580626257 ], [ 106.108993895399877, 9.835720134483882 ], [ 106.108803323560551, 9.835250787663817 ], [ 106.108733424890872, 9.835064755325014 ], [ 106.108560250025192, 9.834636424011904 ], [ 106.108445854838664, 9.834296048059757 ], [ 106.108413151664834, 9.834060312540068 ], [ 106.108372002709913, 9.833892129930122 ], [ 106.108310207325289, 9.833500757340332 ], [ 106.1082928871853, 9.833102433426925 ], [ 106.108312730948015, 9.832886674813706 ], [ 106.108226512679309, 9.832101059538324 ], [ 106.108132717971273, 9.83185838164982 ], [ 106.10809591639358, 9.83167436905109 ], [ 106.108080085131505, 9.831691394959739 ], [ 106.107991593675692, 9.831756560227253 ], [ 106.107818474756641, 9.831457065253385 ], [ 106.10767768885421, 9.831141057108187 ], [ 106.10758638265537, 9.830912840461558 ], [ 106.107518564291752, 9.830716858677942 ], [ 106.107452289174702, 9.830517257623578 ], [ 106.107370143580738, 9.830288165529213 ], [ 106.107287998108262, 9.830059073404975 ], [ 106.107270433226603, 9.830025290850756 ], [ 106.107278006388924, 9.829978986320084 ], [ 106.107266953555865, 9.829855597208988 ], [ 106.107276234322114, 9.829848861143493 ], [ 106.10726979517392, 9.82984260390198 ], [ 106.107305047042416, 9.829810138602793 ], [ 106.107437627622417, 9.82977671939417 ], [ 106.108069982168487, 9.829654883485917 ], [ 106.108659155889598, 9.82954985031957 ], [ 106.108983163239628, 9.829508672313477 ], [ 106.109158752487772, 9.829414689430838 ], [ 106.109665555781191, 9.829133137889711 ], [ 106.110431994203765, 9.828904460375854 ], [ 106.110751236772629, 9.828751178517974 ], [ 106.111082438921883, 9.828458549986452 ], [ 106.111275154276484, 9.828259205237366 ], [ 106.111630031836555, 9.827853337714448 ], [ 106.111535368360038, 9.827684167255102 ], [ 106.111514630454124, 9.82761051900663 ], [ 106.111540011994904, 9.827482630668191 ], [ 106.111586039682948, 9.827328847203695 ], [ 106.111600044800909, 9.827260832120077 ], [ 106.111594955665566, 9.827219884712084 ], [ 106.11155829754415, 9.827114621057754 ], [ 106.111520155309762, 9.827045072793366 ], [ 106.111524241772742, 9.826986840123208 ], [ 106.111660369241463, 9.826800888004566 ], [ 106.111736750942512, 9.826718958124308 ], [ 106.111729530184718, 9.826635309161681 ], [ 106.111622380402167, 9.826417881292315 ], [ 106.111651958947903, 9.826341610575341 ], [ 106.111767611816092, 9.826275039181896 ], [ 106.111780366859847, 9.82622131143672 ], [ 106.111769020008197, 9.826049187622242 ], [ 106.111909238931247, 9.825857622488691 ], [ 106.112270409214275, 9.825851454199238 ], [ 106.112772492535939, 9.825486366341304 ], [ 106.113158448149449, 9.825474727541165 ], [ 106.113285117217742, 9.825400721927778 ], [ 106.113309913564692, 9.825351492916541 ], [ 106.113348539661303, 9.825188771890335 ], [ 106.11350512700983, 9.824876928655048 ], [ 106.113794109169675, 9.824630393953358 ], [ 106.113945306291285, 9.824460868663785 ], [ 106.11437507145115, 9.82363833512775 ], [ 106.114533928382514, 9.823421058222726 ], [ 106.114919932897664, 9.822943615357817 ], [ 106.115237839792769, 9.82261439054597 ], [ 106.115436374780344, 9.822311601921506 ], [ 106.115631008934059, 9.822117947446261 ], [ 106.116353506262428, 9.821702456148492 ], [ 106.116479556006837, 9.821689026539506 ], [ 106.116592484964713, 9.821728240492526 ], [ 106.116824967587235, 9.821839656547178 ], [ 106.117077201283863, 9.821885216593516 ], [ 106.117136886600832, 9.821871907679258 ], [ 106.117315674733305, 9.821687503196149 ], [ 106.117414807043815, 9.821463824308664 ], [ 106.117628689858691, 9.821131080223248 ], [ 106.118005460139841, 9.820348058936647 ], [ 106.11804488218219, 9.820124488859323 ], [ 106.11820618042843, 9.819603874164445 ], [ 106.118265017283534, 9.819280996395701 ], [ 106.118239767230321, 9.819085119971865 ], [ 106.118160211646469, 9.818706439446951 ], [ 106.118061842368476, 9.81855454619685 ], [ 106.117895040167753, 9.818171775410812 ], [ 106.117793438897536, 9.817800729556032 ], [ 106.117797381790083, 9.817714831076319 ], [ 106.117845591472829, 9.817609232478171 ], [ 106.117843500411951, 9.817268112256242 ], [ 106.117741247207064, 9.816496000396324 ], [ 106.117737109697572, 9.816427746963878 ], [ 106.117827846592078, 9.816200195594112 ], [ 106.117892710431605, 9.81612883272758 ], [ 106.11798636945862, 9.815953262829311 ], [ 106.118274741360409, 9.815531055650025 ], [ 106.11852156751921, 9.81521958825107 ], [ 106.118742379580056, 9.814988273128332 ], [ 106.118603800037206, 9.814781663778678 ], [ 106.118697613778465, 9.814640721184071 ], [ 106.118910063838271, 9.814275611656885 ], [ 106.118999125704249, 9.81417762331419 ], [ 106.11902912279271, 9.814033632798917 ], [ 106.118306463008793, 9.814006924532066 ], [ 106.118258573643033, 9.813990014476877 ], [ 106.118234552025001, 9.813964652562458 ], [ 106.118236164460299, 9.813900185939199 ], [ 106.118270100093568, 9.813766133593477 ], [ 106.118261440042716, 9.813716965322769 ], [ 106.118200953069817, 9.813592126435198 ], [ 106.118099812014819, 9.813468537043756 ], [ 106.117937048489679, 9.813345059991258 ], [ 106.11777225451543, 9.813060472535591 ], [ 106.117580384402316, 9.812527831246769 ], [ 106.117461270749203, 9.812495151136563 ], [ 106.117421809044785, 9.812451102016405 ], [ 106.117396052506464, 9.812374841281345 ], [ 106.117402732253836, 9.812290022734253 ], [ 106.117450808804378, 9.812211276780166 ], [ 106.117536352096593, 9.812182279519758 ], [ 106.117572224026688, 9.812158435821408 ], [ 106.117628546713817, 9.812102368209452 ], [ 106.117739334430226, 9.811873243329694 ], [ 106.117749544063983, 9.811824040639577 ], [ 106.117751027759596, 9.811739231559468 ], [ 106.117853612833301, 9.811461841637669 ], [ 106.117894592812561, 9.811439796836831 ], [ 106.117992162238593, 9.811456525977578 ], [ 106.118115438167138, 9.81152248270069 ], [ 106.118214660986155, 9.811496805574855 ], [ 106.118250529774855, 9.811471334402361 ], [ 106.118310297254808, 9.811405043859407 ], [ 106.118359559733562, 9.811228650769483 ], [ 106.118450075331779, 9.811128399642866 ], [ 106.118496904368925, 9.811114481172773 ], [ 106.118637260905743, 9.81114975690515 ], [ 106.118832343260493, 9.81115283644113 ], [ 106.119162291255051, 9.810885066724827 ], [ 106.119382851777203, 9.810425730359967 ], [ 106.119265432997366, 9.810319171067615 ], [ 106.119165911130153, 9.810134460532794 ], [ 106.119088518458966, 9.809937865587244 ], [ 106.119066569250762, 9.809741474055516 ], [ 106.118787938463058, 9.809427496704933 ], [ 106.118745028703856, 9.809342768653536 ], [ 106.118724123240639, 9.809277167761055 ], [ 106.11872224020901, 9.809146616396442 ], [ 106.118766572976398, 9.809002125648583 ], [ 106.118720102484943, 9.808927913879916 ], [ 106.118714890714344, 9.808870240590384 ], [ 106.11888274502158, 9.80859380624403 ], [ 106.11887671587759, 9.808489130245212 ], [ 106.118809737864709, 9.808353634628435 ], [ 106.11885210614173, 9.808146604421875 ], [ 106.118922030253046, 9.808052177156664 ], [ 106.118939073318487, 9.808001334548539 ], [ 106.118845191424271, 9.807171072443634 ], [ 106.118812238418926, 9.806704245415164 ], [ 106.11854112614958, 9.806647509308933 ], [ 106.118402271403923, 9.806608824574727 ], [ 106.118558736237446, 9.806194236477866 ], [ 106.119392226381038, 9.806234612137875 ], [ 106.119468865273475, 9.806220961736292 ], [ 106.119692754585458, 9.806189115073431 ], [ 106.120037493604869, 9.805701426423413 ], [ 106.121414971103107, 9.805713173696256 ], [ 106.122237760063641, 9.80586254510796 ], [ 106.122565726607817, 9.805785329390517 ], [ 106.12267252232192, 9.805753094034651 ], [ 106.122658408777724, 9.805716842340114 ], [ 106.123162982563031, 9.805276443311152 ], [ 106.123965729223826, 9.804910085911665 ], [ 106.124755894629985, 9.80441522225277 ], [ 106.125157738043839, 9.804141105233779 ], [ 106.125475324141803, 9.803677330547567 ], [ 106.125690200807782, 9.803556842297297 ], [ 106.125978772184865, 9.803443894090345 ], [ 106.126292129875495, 9.80340345792753 ], [ 106.126487708014466, 9.803473496909879 ], [ 106.126745145878871, 9.803621355821534 ], [ 106.127040819559198, 9.803907560077901 ], [ 106.127375767284846, 9.804370860134799 ], [ 106.12757226954264, 9.804545025697234 ], [ 106.127724750228026, 9.804890327734388 ], [ 106.127890880388179, 9.804970257399342 ], [ 106.128221896981913, 9.805254006113762 ], [ 106.128300509370362, 9.805435228909143 ], [ 106.128255991644664, 9.805912501432349 ], [ 106.12827322441278, 9.806069873128969 ], [ 106.128227575827069, 9.806279119307559 ], [ 106.12817371298263, 9.806590294157486 ], [ 106.128051142056393, 9.806846321362405 ], [ 106.12785525548621, 9.807055651429506 ], [ 106.127779964932273, 9.807187822638999 ], [ 106.127534236689883, 9.807437617472909 ], [ 106.127751813361698, 9.807554038954628 ], [ 106.127878557816516, 9.807745259473601 ], [ 106.128040845318409, 9.808193176365435 ], [ 106.128214636747146, 9.808424370569385 ], [ 106.12834027840843, 9.808791159267241 ], [ 106.128303639195593, 9.809196927476524 ], [ 106.128124966099918, 9.809515110158513 ], [ 106.127959102551017, 9.809780156735714 ], [ 106.128019466924201, 9.809781778160763 ], [ 106.127985271609532, 9.810013492728707 ], [ 106.127800454109575, 9.810371235989171 ], [ 106.127686543133962, 9.810516124338474 ], [ 106.127642786975741, 9.810651897204897 ], [ 106.127424246379661, 9.810931715252698 ], [ 106.127267827746763, 9.811054773630445 ], [ 106.127518696567464, 9.811648132994787 ], [ 106.127467797469009, 9.811967014303539 ] ] ] } },
{ "type": "Feature", "properties": { "Layer": "h-cay lau na", "PaperSpace": null, "SubClasses": "AcDbEntity:AcDbPolyline", "Linetype": "Continuou", "EntityHandle": "3BB18", "Text": null }, "geometry": { "type": "MultiLineString", "coordinates": [ [ [ 106.091148793368603, 9.786581596380715 ], [ 106.090138638634386, 9.787657559773782 ], [ 106.088232334937047, 9.78929783502562 ], [ 106.086372102683498, 9.790772372131357 ], [ 106.084419469337092, 9.792345146655768 ], [ 106.08269700413247, 9.793727759966417 ], [ 106.081220520061464, 9.794757130500793 ], [ 106.080060603404561, 9.795769101775177 ], [ 106.078487276184745, 9.796963885502896 ], [ 106.078062679160098, 9.79733431929629 ], [ 106.077910259673757, 9.79685242654117 ], [ 106.077885422044005, 9.796744574678939 ], [ 106.077712708640874, 9.796872640541562 ], [ 106.077238413274657, 9.796346680086289 ], [ 106.077581754118611, 9.793951413062743 ], [ 106.078518253814821, 9.79339555083271 ], [ 106.078275550959631, 9.792946558125845 ], [ 106.079212020698009, 9.792375713985177 ], [ 106.078647573475578, 9.791508814471216 ], [ 106.079304847537998, 9.791121904556002 ], [ 106.079035585234493, 9.790709968157367 ], [ 106.079652621237514, 9.790349732282436 ], [ 106.079396878325497, 9.789990985521648 ], [ 106.080635064238209, 9.789102961964085 ], [ 106.080710791868498, 9.789233734704981 ], [ 106.080927642517423, 9.789111811697484 ], [ 106.078918479475433, 9.78687675802755 ], [ 106.078271677755907, 9.786161475197849 ], [ 106.077658959704252, 9.785631102333248 ], [ 106.077465469280099, 9.785207959747105 ], [ 106.077346544879617, 9.784699505698642 ], [ 106.077375286895389, 9.784254936655827 ], [ 106.077527521899341, 9.783723594779092 ], [ 106.07756820102459, 9.783402541208332 ], [ 106.077479208792084, 9.783035019517385 ], [ 106.071142248131494, 9.776585700919295 ], [ 106.073552453109983, 9.774421029686509 ], [ 106.074574415272437, 9.773806828329107 ], [ 106.076935438285531, 9.772415751666621 ], [ 106.07899956016783, 9.771368901537253 ], [ 106.081119205795019, 9.77054039328981 ], [ 106.084380022303449, 9.769486803672384 ], [ 106.087120153834348, 9.768135892380949 ], [ 106.088221733878513, 9.767561818043923 ], [ 106.091601906720527, 9.773943841751409 ], [ 106.092332482956252, 9.773912524210694 ], [ 106.092831335543792, 9.773985490757028 ], [ 106.093407098563304, 9.773922245085865 ], [ 106.093900068207589, 9.77391002544128 ], [ 106.094431949800594, 9.773871981575226 ], [ 106.094740178521434, 9.775485045600123 ], [ 106.095100543474985, 9.775593023257596 ], [ 106.095186202540859, 9.775329111297472 ], [ 106.095562240566068, 9.775444818767889 ], [ 106.095258403817866, 9.776325975511861 ], [ 106.09657442497172, 9.776665008474325 ], [ 106.096309053633689, 9.777138693607791 ], [ 106.096634075300301, 9.777475234575725 ], [ 106.095511976190124, 9.779535709966355 ], [ 106.094743422510078, 9.780855945047684 ], [ 106.093694840053686, 9.782928252778023 ], [ 106.092422445619746, 9.785045117328124 ], [ 106.091148793368603, 9.786581596380715 ] ] ] } },
{ "type": "Feature", "properties": { "Layer": "h-cay lau na", "PaperSpace": null, "SubClasses": "AcDbEntity:AcDbPolyline", "Linetype": "Continuou", "EntityHandle": "3BB19", "Text": null }, "geometry": { "type": "MultiLineString", "coordinates": [ [ [ 106.080927642517423, 9.789111811697484 ], [ 106.080710791868498, 9.789233734704981 ], [ 106.080635064238209, 9.789102961964085 ], [ 106.079396878325497, 9.789990985521648 ], [ 106.079652621237514, 9.790349732282436 ], [ 106.079035585234493, 9.790709968157367 ], [ 106.079304847537998, 9.791121904556002 ], [ 106.078647573475578, 9.791508814471216 ], [ 106.079212020698009, 9.792375713985177 ], [ 106.078275550959631, 9.792946558125845 ], [ 106.078518253814821, 9.79339555083271 ], [ 106.077581754118611, 9.793951413062743 ], [ 106.077238413274657, 9.796346680086289 ], [ 106.077712708640874, 9.796872640541562 ], [ 106.077885422044005, 9.796744574678939 ], [ 106.077910259673757, 9.79685242654117 ], [ 106.078062679160098, 9.79733431929629 ], [ 106.077419483050022, 9.797895464332978 ], [ 106.075995039196002, 9.798919031985106 ], [ 106.074213959890983, 9.800080673112252 ], [ 106.072898676649658, 9.800881222474619 ], [ 106.071621748074904, 9.801870550507047 ], [ 106.07151259655474, 9.80173270070468 ], [ 106.070835949739148, 9.800594793517323 ], [ 106.070812846490242, 9.800202224356035 ], [ 106.069755761453436, 9.796568053328395 ], [ 106.069579152300264, 9.796650877325645 ], [ 106.069723152923928, 9.796927545844017 ], [ 106.069376020319027, 9.797137682141519 ], [ 106.068962892626772, 9.796394075061784 ], [ 106.068669525053878, 9.796548331571573 ], [ 106.069103621154312, 9.797333636748748 ], [ 106.068689310808807, 9.797580861130404 ], [ 106.066466505215331, 9.794215242496035 ], [ 106.061077183694778, 9.789522922592431 ], [ 106.062158142859857, 9.788024385104002 ], [ 106.06336328486131, 9.786353673406499 ], [ 106.064929718190271, 9.784038179932681 ], [ 106.065936371205382, 9.782596656991039 ], [ 106.068384462414741, 9.779304699588389 ], [ 106.06892677401872, 9.778575440433 ], [ 106.07003293853451, 9.77758198761147 ], [ 106.071142248131494, 9.776585700919295 ], [ 106.077479208792084, 9.783035019517385 ], [ 106.07756820102459, 9.783402541208332 ], [ 106.077527521899341, 9.783723594779092 ], [ 106.077375286895389, 9.784254936655827 ], [ 106.077346544879617, 9.784699505698642 ], [ 106.077465469280099, 9.785207959747105 ], [ 106.077658959704252, 9.785631102333248 ], [ 106.078271677755907, 9.786161475197849 ], [ 106.078918479475433, 9.78687675802755 ], [ 106.080927642517423, 9.789111811697484 ] ] ] } },
{ "type": "Feature", "properties": { "Layer": "h-cay lau na", "PaperSpace": null, "SubClasses": "AcDbEntity:AcDbPolyline", "Linetype": "Continuou", "EntityHandle": "3BB1A", "Text": null }, "geometry": { "type": "MultiLineString", "coordinates": [ [ [ 106.07151259655474, 9.80173270070468 ], [ 106.072767174847428, 9.803317125155615 ], [ 106.072903631787071, 9.803508661479139 ], [ 106.073855064278277, 9.80511823438234 ], [ 106.075049119995924, 9.807131776377767 ], [ 106.076896730647263, 9.808161923812055 ], [ 106.07686894482508, 9.808212860660175 ], [ 106.07656272872542, 9.808781805388614 ], [ 106.076465693358912, 9.808967316173534 ], [ 106.076365446762551, 9.809140897934448 ], [ 106.0759556497419, 9.809854135920505 ], [ 106.075800368566078, 9.810147878940391 ], [ 106.075491580076942, 9.810654442527525 ], [ 106.075297826436071, 9.810999243360277 ], [ 106.075274918500014, 9.811036260986148 ], [ 106.074698259143759, 9.812044525838271 ], [ 106.074500553411156, 9.811948300385598 ], [ 106.074474358674081, 9.811929538968915 ], [ 106.074244436479304, 9.811811397704391 ], [ 106.073972274716326, 9.811673798688107 ], [ 106.073726646794285, 9.81154004226781 ], [ 106.073470904431389, 9.811408563086058 ], [ 106.073181504675745, 9.811265296566495 ], [ 106.073056737401018, 9.811493799380116 ], [ 106.072893347004552, 9.811791713914838 ], [ 106.072537747747006, 9.812433882725477 ], [ 106.072410182131534, 9.812678935569991 ], [ 106.072265686509084, 9.812938935044222 ], [ 106.072123091184295, 9.81319088453432 ], [ 106.072113379603607, 9.813215583574184 ], [ 106.071966084616264, 9.813491319459706 ], [ 106.071869657448062, 9.813661638748995 ], [ 106.071811788026565, 9.813777464556136 ], [ 106.071655301050271, 9.814062257098163 ], [ 106.071606671991745, 9.814144433792135 ], [ 106.071507370328618, 9.81433980213709 ], [ 106.071366333646608, 9.81459762554409 ], [ 106.071072341696933, 9.815127215839068 ], [ 106.071056000601942, 9.815166640681454 ], [ 106.070726300383598, 9.814994095747064 ], [ 106.070070022610778, 9.814434570739747 ], [ 106.069085884193015, 9.813619431640364 ], [ 106.068085416750677, 9.8127951285002 ], [ 106.067348535500713, 9.812134803105852 ], [ 106.066542065540503, 9.811431741991546 ], [ 106.066130222506175, 9.81126118907482 ], [ 106.065830209238129, 9.81121414789548 ], [ 106.06564999458476, 9.811499138262866 ], [ 106.065459633757769, 9.811750628849731 ], [ 106.064828692359995, 9.812639866903609 ], [ 106.064556718279135, 9.812960795410133 ], [ 106.063360440448605, 9.812016654937224 ], [ 106.063580219166099, 9.811791366851406 ], [ 106.062721130242792, 9.811087109131103 ], [ 106.062506943383241, 9.811035973229568 ], [ 106.062066828748044, 9.811470567711456 ], [ 106.061604023124318, 9.812035614392798 ], [ 106.06146909599731, 9.812107749994595 ], [ 106.061301305491156, 9.812009813509958 ], [ 106.059968662567215, 9.810962917565854 ], [ 106.059039612330352, 9.810276710865629 ], [ 106.05863485551636, 9.809846610265197 ], [ 106.05847636155292, 9.809412291042053 ], [ 106.058187880802336, 9.809481384239337 ], [ 106.057443171041655, 9.809782639968464 ], [ 106.056688275086017, 9.810152694252297 ], [ 106.055703645774287, 9.810647869351012 ], [ 106.054079770016031, 9.811564746373465 ], [ 106.053702729946465, 9.81079935150343 ], [ 106.053035492820925, 9.809902160684356 ], [ 106.052368259347176, 9.809004968307914 ], [ 106.051865141135309, 9.806744218663948 ], [ 106.050866875658016, 9.803613749062663 ], [ 106.050806768069677, 9.802823006268534 ], [ 106.052367263733757, 9.800915156118716 ], [ 106.052972565334528, 9.800175111449551 ], [ 106.053927646047484, 9.799007416587228 ], [ 106.054731395946519, 9.797816676156422 ], [ 106.056082479252865, 9.795815049066666 ], [ 106.057535295553294, 9.793841121652337 ], [ 106.058978734773063, 9.792003309182075 ], [ 106.060315152266597, 9.790579319696715 ], [ 106.061077183694778, 9.789522922592431 ], [ 106.066466505215331, 9.794215242496035 ], [ 106.068689310808807, 9.797580861130404 ], [ 106.069103621154312, 9.797333636748748 ], [ 106.068669525053878, 9.796548331571573 ], [ 106.068962892626772, 9.796394075061784 ], [ 106.069376020319027, 9.797137682141519 ], [ 106.069723152923928, 9.796927545844017 ], [ 106.069579152300264, 9.796650877325645 ], [ 106.069755761453436, 9.796568053328395 ], [ 106.070812846490242, 9.800202224356035 ], [ 106.070835949739148, 9.800594793517323 ], [ 106.07151259655474, 9.80173270070468 ] ] ] } },
{ "type": "Feature", "properties": { "Layer": "h-cay lau na", "PaperSpace": null, "SubClasses": "AcDbEntity:AcDbPolyline", "Linetype": "Continuou", "EntityHandle": "3BB1B", "Text": null }, "geometry": { "type": "MultiLineString", "coordinates": [ [ [ 106.07033016364214, 9.816482123850232 ], [ 106.070027775063792, 9.817114345830928 ], [ 106.069744127424869, 9.81767167440349 ], [ 106.069592521621587, 9.817987559859786 ], [ 106.069598176536033, 9.817989313396636 ], [ 106.069246785733569, 9.818647610811817 ], [ 106.069100168798244, 9.818896039872213 ], [ 106.068827977220892, 9.819330658594698 ], [ 106.068728203745039, 9.819518432371552 ], [ 106.06865223299728, 9.819712042977878 ], [ 106.068624750775257, 9.819740297864158 ], [ 106.068536352229572, 9.819866004103792 ], [ 106.068373873098835, 9.820218730611263 ], [ 106.068229278576155, 9.82058469237708 ], [ 106.068182551358689, 9.820660536571166 ], [ 106.068008084290568, 9.820882882698518 ], [ 106.067952765644733, 9.820999155724664 ], [ 106.067933367207573, 9.821224044488201 ], [ 106.067878105732802, 9.82132042662842 ], [ 106.067217005991239, 9.821908674420943 ], [ 106.066769121687116, 9.822277765566538 ], [ 106.066564875616791, 9.822465623243701 ], [ 106.066215686820783, 9.822870261546344 ], [ 106.065900559, 9.823309380226371 ], [ 106.065670639031168, 9.823625033414647 ], [ 106.065457545068739, 9.823864350075389 ], [ 106.065331192542203, 9.823970253505594 ], [ 106.064924321408682, 9.824485790856412 ], [ 106.064785295862038, 9.824710469085828 ], [ 106.064776580966964, 9.824707121380994 ], [ 106.064344840124747, 9.8245122996339 ], [ 106.064033092192886, 9.824371590248182 ], [ 106.06359910750551, 9.824185695522049 ], [ 106.063165214594207, 9.823999890474028 ], [ 106.062744431357274, 9.823857100828251 ], [ 106.062162055016088, 9.823630673423169 ], [ 106.061482299670445, 9.823286504648646 ], [ 106.06119653786476, 9.823147015231452 ], [ 106.060910776440409, 9.823007615973884 ], [ 106.060149420825041, 9.822819636783958 ], [ 106.058978793647384, 9.82255574981242 ], [ 106.058394176930832, 9.82242398239768 ], [ 106.058283270104369, 9.822373534625223 ], [ 106.057992872447514, 9.822240921610119 ], [ 106.057729261277473, 9.822098770573339 ], [ 106.057384301724767, 9.821775108321326 ], [ 106.057084618841301, 9.821486542855554 ], [ 106.056787317865457, 9.821313705146824 ], [ 106.056239495738723, 9.821138927973275 ], [ 106.055254226027316, 9.82082824945514 ], [ 106.054965920165188, 9.820745901356622 ], [ 106.054796183576073, 9.820697355046331 ], [ 106.054406089467435, 9.820475571457083 ], [ 106.053894587589554, 9.820335581133785 ], [ 106.053359804091187, 9.820201334197314 ], [ 106.053231782485597, 9.820184545220471 ], [ 106.052885923282119, 9.820138998068067 ], [ 106.0526520301528, 9.82010375607312 ], [ 106.052409109493567, 9.820067081989013 ], [ 106.052289164329736, 9.82002785638875 ], [ 106.052239270702273, 9.82001148210087 ], [ 106.05214176404283, 9.81997963394072 ], [ 106.052046209802143, 9.819915685002966 ], [ 106.051950655447513, 9.819851645620565 ], [ 106.051927617731849, 9.819812714008664 ], [ 106.051881451004135, 9.819734760512123 ], [ 106.051854116255612, 9.819576012151462 ], [ 106.051883804285097, 9.819394341632089 ], [ 106.052498078508862, 9.818029148333945 ], [ 106.052808221161712, 9.817373399879203 ], [ 106.05297168844352, 9.817106135568476 ], [ 106.053066513747169, 9.816951008289523 ], [ 106.053224750846979, 9.816718472031422 ], [ 106.053315873701337, 9.816584688837528 ], [ 106.053457759520612, 9.816332378156886 ], [ 106.053599645282588, 9.816080157840331 ], [ 106.054059198641468, 9.815259607685904 ], [ 106.054330677018754, 9.814709798007643 ], [ 106.05454086754682, 9.814199057603297 ], [ 106.054571801755344, 9.814107687147306 ], [ 106.054648638677492, 9.813880979710717 ], [ 106.054671056863469, 9.813490738661125 ], [ 106.054665877921352, 9.813448493326757 ], [ 106.054639077932009, 9.813230273751476 ], [ 106.054596560028358, 9.812934322409578 ], [ 106.054548268185187, 9.812729429091377 ], [ 106.054451684847308, 9.812319732832613 ], [ 106.054079770016031, 9.811564746373465 ], [ 106.055703645774287, 9.810647869351012 ], [ 106.056688275086017, 9.810152694252297 ], [ 106.057443171041655, 9.809782639968464 ], [ 106.058187880802336, 9.809481384239337 ], [ 106.05847636155292, 9.809412291042053 ], [ 106.05863485551636, 9.809846610265197 ], [ 106.059039612330352, 9.810276710865629 ], [ 106.059968662567215, 9.810962917565854 ], [ 106.061301305491156, 9.812009813509958 ], [ 106.06146909599731, 9.812107749994595 ], [ 106.061604023124318, 9.812035614392798 ], [ 106.062066828748044, 9.811470567711456 ], [ 106.062506943383241, 9.811035973229568 ], [ 106.062721130242792, 9.811087109131103 ], [ 106.063580219166099, 9.811791366851406 ], [ 106.063360440448605, 9.812016654937224 ], [ 106.064556718279135, 9.812960795410133 ], [ 106.064828692359995, 9.812639866903609 ], [ 106.065459633757769, 9.811750628849731 ], [ 106.06564999458476, 9.811499138262866 ], [ 106.065820264493922, 9.811229874468568 ], [ 106.065840409702844, 9.811215747302322 ], [ 106.066130222506175, 9.81126118907482 ], [ 106.066542065540503, 9.811431741991546 ], [ 106.067348535500713, 9.812134803105852 ], [ 106.068085416750677, 9.8127951285002 ], [ 106.069085884193015, 9.813619431640364 ], [ 106.070070022610778, 9.814434570739747 ], [ 106.070726300383598, 9.814994095747064 ], [ 106.071056000601928, 9.815166640681454 ], [ 106.071050553569449, 9.815179782295433 ], [ 106.070650901221839, 9.815918945978042 ], [ 106.07033016364214, 9.816482123850232 ] ] ] } },
{ "type": "Feature", "properties": { "Layer": "h-cay lau na", "PaperSpace": null, "SubClasses": "AcDbEntity:AcDbPolyline", "Linetype": "Continuou", "EntityHandle": "3BB1C", "Text": null }, "geometry": { "type": "MultiLineString", "coordinates": [ [ [ 106.142486538139082, 9.862372059187585 ], [ 106.145017303873075, 9.864623814592655 ], [ 106.145906344709189, 9.865113591475312 ], [ 106.145844604188099, 9.865175936622171 ], [ 106.143715050737583, 9.866527882725871 ], [ 106.142403917834216, 9.867811770862373 ], [ 106.14205977374526, 9.868242269301762 ], [ 106.141904821171465, 9.868544456686973 ], [ 106.141699722583581, 9.869448455825047 ], [ 106.141460109804001, 9.870079726119544 ], [ 106.141115281961092, 9.870646155269531 ], [ 106.140427891224832, 9.871611384626748 ], [ 106.140221690349392, 9.871921687734329 ], [ 106.139816581555294, 9.873019182338933 ], [ 106.139388447117454, 9.874499943255174 ], [ 106.138895290137896, 9.875593953096399 ], [ 106.138547942027657, 9.876217305138008 ], [ 106.138092162455266, 9.876884090264454 ], [ 106.137695177578976, 9.877284658508865 ], [ 106.136774467783624, 9.878115387186892 ], [ 106.136110527711836, 9.878588773633947 ], [ 106.136112753151849, 9.878625946381954 ], [ 106.135521770921216, 9.878832418343944 ], [ 106.135262678148493, 9.87881527385678 ], [ 106.135102707791972, 9.878794149829513 ], [ 106.134724390334782, 9.878639286460896 ], [ 106.13427488444934, 9.878324847233314 ], [ 106.133955424226514, 9.878071392640507 ], [ 106.133725374767579, 9.877928906117148 ], [ 106.13321628854078, 9.877537358403124 ], [ 106.132773534602222, 9.877111536684618 ], [ 106.132260753113428, 9.876616954539998 ], [ 106.13215764054776, 9.876524707983078 ], [ 106.13197040173759, 9.876379896393056 ], [ 106.131751954940881, 9.876191748176035 ], [ 106.131474684251785, 9.875960975222693 ], [ 106.13098458097447, 9.875698106260156 ], [ 106.130845671979841, 9.875603217542045 ], [ 106.130491723236275, 9.875257795298898 ], [ 106.130440432411248, 9.875200404012308 ], [ 106.130431093861944, 9.875193952099973 ], [ 106.130228179205247, 9.875085332368165 ], [ 106.129947887111967, 9.874801616126826 ], [ 106.129805995388836, 9.874574861627661 ], [ 106.12966249223868, 9.874365737280105 ], [ 106.129482868127369, 9.874248166065538 ], [ 106.129195062549101, 9.874041810708896 ], [ 106.129029550146313, 9.87391442260328 ], [ 106.128747193747358, 9.873650667078179 ], [ 106.128148700497192, 9.873075463921577 ], [ 106.12785178509715, 9.872738832706672 ], [ 106.127749396842233, 9.872666362267069 ], [ 106.127769067976402, 9.872415690017554 ], [ 106.12734198350266, 9.872247657502749 ], [ 106.127122599765528, 9.872166352874624 ], [ 106.126800651181171, 9.872021735339256 ], [ 106.126522538471619, 9.87154540218715 ], [ 106.126477604335193, 9.871618147682897 ], [ 106.126310380727716, 9.871478893803971 ], [ 106.126083687590835, 9.871280067867463 ], [ 106.125966856213026, 9.871188627650357 ], [ 106.125814911354922, 9.871034029319043 ], [ 106.125751353718286, 9.870977101102753 ], [ 106.125669220289069, 9.870883702015579 ], [ 106.125460437130201, 9.870704101693397 ], [ 106.12538734062484, 9.870639549794364 ], [ 106.125325319137048, 9.870574049265562 ], [ 106.125219389411711, 9.870421496538849 ], [ 106.125189605480458, 9.870379830432123 ], [ 106.125005245759155, 9.870165203124881 ], [ 106.124976009224554, 9.870132450014934 ], [ 106.124905621768022, 9.870087050469197 ], [ 106.124523074391931, 9.869918120732235 ], [ 106.124185848430514, 9.869742889658909 ], [ 106.123989821187138, 9.869843869188907 ], [ 106.123809787247993, 9.868997927893897 ], [ 106.123795114362125, 9.868943701220005 ], [ 106.12361426757758, 9.868883281421663 ], [ 106.122417497923635, 9.86810142416048 ], [ 106.12207768166131, 9.867745299688471 ], [ 106.121832187817475, 9.867432114091759 ], [ 106.119243541577475, 9.86510544205561 ], [ 106.118871672730521, 9.864821918018764 ], [ 106.11814803732031, 9.864153349035073 ], [ 106.117448211789949, 9.863521555498696 ], [ 106.117111045683728, 9.863263575933644 ], [ 106.116648217615605, 9.86288554706497 ], [ 106.116817493012675, 9.861539442142695 ], [ 106.116825047281026, 9.861476851034583 ], [ 106.117152495858633, 9.860961828757596 ], [ 106.117375349163822, 9.860644669846106 ], [ 106.117615087215114, 9.860318340552075 ], [ 106.117980611610321, 9.859948601530425 ], [ 106.118423030868868, 9.859492752683533 ], [ 106.118775953242789, 9.859186728668854 ], [ 106.119304242509983, 9.858718052503225 ], [ 106.119298066291108, 9.858689782263296 ], [ 106.119840125879463, 9.858312019432809 ], [ 106.119996834853922, 9.858252715540793 ], [ 106.120013924217659, 9.857468919815506 ], [ 106.119395427165443, 9.858082572496931 ], [ 106.118946278045613, 9.858531806759414 ], [ 106.118695426360603, 9.858774822118502 ], [ 106.118404669082992, 9.858737472381591 ], [ 106.118622467881806, 9.858213421946155 ], [ 106.120016498324119, 9.856844429614219 ], [ 106.121050610397262, 9.856172314864279 ], [ 106.121617627730302, 9.855802800198697 ], [ 106.122224064719404, 9.855390484625238 ], [ 106.123720818304392, 9.854363867587137 ], [ 106.124738901321038, 9.853669663013955 ], [ 106.125402282674926, 9.853235004322769 ], [ 106.125809721395726, 9.852941125813569 ], [ 106.126059040984302, 9.852756523252543 ], [ 106.126353613845566, 9.85256756160225 ], [ 106.126574221308687, 9.852430801735231 ], [ 106.126845039447161, 9.852265198141668 ], [ 106.127100904178889, 9.852090210874564 ], [ 106.127968645754635, 9.851392632420719 ], [ 106.128262220859213, 9.851754929088679 ], [ 106.128541508700394, 9.851553615230818 ], [ 106.128896735566343, 9.851277732492411 ], [ 106.129106529242691, 9.851619469442372 ], [ 106.129641332530312, 9.851712412931322 ], [ 106.129571946475565, 9.852190653224602 ], [ 106.129802087131267, 9.852299715685684 ], [ 106.12975478589145, 9.852548804934127 ], [ 106.129793587068534, 9.852576941812087 ], [ 106.130162846611256, 9.852681314128478 ], [ 106.130223211117979, 9.852638073817351 ], [ 106.130302423088807, 9.852629698225414 ], [ 106.130312118834397, 9.852982476711553 ], [ 106.131126934621577, 9.85303936190345 ], [ 106.131486471886049, 9.853112738792998 ], [ 106.131918432627941, 9.853299359211723 ], [ 106.132003269425155, 9.853335387625751 ], [ 106.131848647201608, 9.853771270985582 ], [ 106.131698654022401, 9.854045618029254 ], [ 106.131358301549383, 9.855011567427166 ], [ 106.131036999892132, 9.855449221548746 ], [ 106.132312853130088, 9.856308799204848 ], [ 106.133892329612777, 9.857537256837315 ], [ 106.135329428232481, 9.85842164203445 ], [ 106.137516857742895, 9.859424425181123 ], [ 106.139433026217958, 9.860265012840628 ], [ 106.142486538139082, 9.862372059187585 ] ] ] } }
]
}
